time, z1id, z1x, z1y, ...
193588.85894231902785, 
193588.89225865300978, 1, 347.152, 231.585, 2, 65.5452, 268.613, 3, 278.251, 318.52, 4, 205.263, 253.59, 5, 480.137, 162.585, 6, 266.219, 170.704, 7, 466.255, 325.644, 8, 216.242, 397.545, 9, 144.316, 452.399, 10, 310.139, 286.63, 11, 486.102, 131.601, 12, 470.233, 291.621, 13, 332.114, 351.56, 14, 320.201, 451.599, 15, 138.32, 334.516, 16, 382.171, 293.598, 17, 402.12, 137.658, 18, 289.284, 467.582, 19, 401.045, 107.616, 20, 334.1, 82.6773, 21, 295.099, 433.555, 22, 419.09, 65.6776, 23, 378.183, 263.581, 24, 321.183, 215.63, 25, 344.157, 380.595, 26, 106.571, 17.0593, 27, 68.5056, 414.375, 28, 330.212, 52.7876, 29, 457.269, 468.729, 30, 123.417, 192.728, 31, 175.319, 244.606, 32, 89.4247, 392.476, 33, 494.234, 313.576, 34, 116.596, 49.9689, 35, 190.369, 106.8, 36, 251.203, 21.9168, 37, 57.5938, 233.633, 38, 160.358, 95.8247, 39, 75.5206, 134.835, 40, 110.475, 158.805, 41, 305.176, 70.7761, 42, 251.206, 285.588, 43, 177.227, 450.557, 44, 148.401, 161.736, 45, 311.155, 316.594, 46, 407.256, 464.717, 47, 289.158, 149.701, 48, 247.236, 139.672, 49, 32.6783, 258.553, 50, 61.6327, 103.814
193588.92557498600218, 1, 348.845, 232.093, 2, 67.9225, 269.156, 3, 280, 319.026, 4, 207.196, 254.092, 5, 481.89, 162.969, 6, 268.021, 171.281, 7, 468.12, 326.105, 8, 218.102, 397.948, 9, 146.399, 452.659, 10, 311.886, 287.098, 11, 487.87, 132.053, 12, 472.095, 292.095, 13, 333.828, 352.001, 14, 321.964, 451.998, 15, 140.419, 334.851, 16, 383.981, 294.119, 17, 403.738, 138.113, 18, 291.08, 467.966, 19, 402.722, 108.168, 20, 335.843, 83.2812, 21, 296.999, 434.013, 22, 420.776, 66.1633, 23, 379.896, 264.027, 24, 322.885, 216.12, 25, 345.971, 381.031, 26, 108.685, 18.2241, 27, 70.8891, 414.598, 28, 331.805, 53.473, 29, 459.218, 469.298, 30, 125.546, 193.385, 31, 177.3, 245.14, 32, 91.7192, 392.732, 33, 496.142, 314.012, 34, 118.681, 51.0147, 35, 192.246, 107.594, 36, 253.004, 22.6911, 37, 60.0672, 234.289, 38, 162.428, 96.644, 39, 77.9057, 135.676, 40, 112.757, 159.564, 41, 306.902, 71.4213, 42, 253.037, 286.052, 43, 179.229, 450.805, 44, 150.447, 162.508, 45, 312.868, 317.016, 46, 409.154, 465.189, 47, 290.893, 150.269, 48, 249.043, 140.393, 49, 35.2324, 259.139, 50, 64.0386, 104.873
193588.95889128601993, 1, 349.941, 232.291, 2, 69.426, 269.088, 3, 281.141, 319.074, 4, 208.446, 254.197, 5, 483.163, 163.22, 6, 269.284, 171.507, 7, 469.23, 326.42, 8, 219.2, 397.884, 9, 147.542, 452.494, 10, 313.034, 287.23, 11, 489.124, 132.321, 12, 473.252, 292.423, 13, 334.927, 352.142, 14, 322.999, 452.184, 15, 141.602, 334.845, 16, 385.068, 294.291, 17, 405.006, 138.361, 18, 292.016, 467.981, 19, 403.978, 108.43, 20, 337.096, 83.5718, 21, 297.899, 434.022, 22, 422.043, 66.5146, 23, 381.099, 264.215, 24, 324.048, 216.282, 25, 346.97, 381.196, 26, 110.366, 18.569, 27, 72.25, 414.292, 28, 333.102, 53.7854, 29, 460.265, 469.603, 30, 126.992, 193.458, 31, 178.647, 245.185, 32, 93.1218, 392.516, 33, 497.307, 314.365, 34, 120.384, 51.4056, 35, 193.708, 107.796, 36, 254.376, 23.0879, 37, 61.5949, 234.268, 38, 163.906, 96.8918, 39, 79.5448, 135.849, 40, 114.208, 159.716, 41, 308.197, 71.7179, 42, 254.213, 286.129, 43, 180.351, 450.677, 44, 151.937, 162.652, 45, 313.948, 317.129, 46, 410.198, 465.399, 47, 292.207, 150.507, 48, 250.337, 140.576, 49, 36.9339, 259.095, 50, 65.7384, 105.161
193588.99220762401819, 1, 350.751, 232.495, 2, 70.5033, 269.054, 3, 281.841, 319.197, 4, 209.339, 254.286, 5, 483.957, 163.522, 7, 469.953, 326.627, 8, 219.898, 397.895, 9, 148.287, 452.345, 10, 313.773, 287.387, 11, 489.964, 132.64, 12, 473.959, 292.683, 13, 335.633, 352.291, 14, 323.593, 452.284, 15, 142.495, 334.769, 16, 385.809, 294.534, 17, 405.843, 138.61, 18, 292.666, 468.08, 19, 404.851, 108.689, 20, 337.998, 83.8752, 21, 298.556, 434.189, 22, 422.971, 66.7146, 23, 381.81, 264.467, 25, 347.644, 381.34, 26, 111.65, 18.8598, 27, 73.2241, 414.178, 28, 334.006, 54.1116, 29, 460.787, 469.948, 30, 128.011, 193.605, 31, 179.543, 245.241, 32, 93.9012, 392.405, 33, 498.013, 314.685, 34, 121.498, 51.6063, 35, 194.687, 108.011, 36, 255.439, 23.3762, 37, 62.7113, 234.268, 38, 164.992, 97.0993, 39, 80.6926, 135.914, 40, 115.296, 159.811, 41, 309.084, 72.0101, 42, 255.076, 286.262, 43, 181.078, 450.595, 44, 152.883, 162.797, 45, 314.703, 317.261, 46, 410.796, 465.599, 47, 293.012, 150.745, 48, 251.269, 140.802, 49, 38.0919, 259.043, 50, 67.0959, 105.176
193589.02552398602711, 1, 351.891, 233.063, 2, 72.0055, 269.348, 3, 282.974, 319.646, 4, 210.529, 254.662, 5, 485.233, 164.228, 7, 471.133, 327.399, 8, 221.027, 398.294, 9, 149.411, 452.558, 10, 314.911, 287.835, 11, 491.156, 133.329, 12, 475.206, 293.405, 13, 336.59, 352.822, 14, 324.575, 452.797, 15, 143.751, 335.107, 16, 386.906, 295.154, 17, 407.089, 139.273, 18, 293.609, 468.562, 19, 406.112, 109.414, 20, 339.264, 84.4975, 21, 299.57, 434.682, 22, 424.219, 67.4856, 23, 382.956, 265.028, 25, 348.68, 381.914, 26, 113.405, 19.6612, 27, 74.5011, 414.288, 28, 335.417, 54.7884, 29, 461.887, 470.755, 30, 129.51, 194.043, 31, 180.817, 245.657, 32, 95.2162, 392.618, 33, 499.252, 315.407, 34, 123.307, 52.3608, 35, 196.225, 108.633, 36, 256.818, 24.1501, 37, 64.3509, 234.575, 38, 166.515, 97.7618, 39, 82.4568, 136.508, 40, 116.831, 160.355, 41, 310.436, 72.6715, 42, 256.129, 286.687, 43, 182.042, 450.897, 44, 154.363, 163.316, 45, 315.802, 317.778, 46, 411.804, 466.142, 47, 294.28, 151.327, 48, 252.559, 141.375, 49, 39.7452, 259.284, 50, 68.8754, 105.828
193589.05884031901951, 1, 352.324, 233.413, 2, 72.6489, 269.676, 3, 283.39, 320.074, 4, 210.99, 255.061, 5, 485.586, 164.579, 7, 471.58, 327.783, 8, 221.429, 398.637, 9, 149.834, 452.898, 10, 315.306, 288.237, 11, 491.616, 133.719, 12, 475.625, 293.821, 13, 337.101, 353.233, 14, 324.975, 453.247, 15, 144.287, 335.386, 16, 387.355, 295.533, 17, 407.509, 139.693, 18, 293.973, 468.926, 19, 406.523, 109.798, 20, 339.696, 84.9496, 21, 299.912, 435.017, 22, 424.638, 67.9859, 23, 383.306, 265.429, 25, 349.104, 382.33, 26, 114.116, 20.2845, 27, 75.0369, 414.549, 28, 335.839, 55.2469, 29, 462.371, 471.318, 30, 130.061, 194.469, 31, 181.393, 246.072, 32, 95.6987, 392.883, 33, 499.692, 315.779, 34, 123.898, 52.9734, 35, 196.738, 109.144, 36, 257.322, 24.6478, 37, 64.9517, 234.96, 38, 167.118, 98.2546, 39, 83.0883, 136.929, 40, 117.426, 160.749, 41, 310.895, 73.155, 42, 256.623, 287.065, 43, 182.487, 451.284, 44, 154.95, 163.706, 45, 316.191, 318.144, 46, 412.31, 466.596, 47, 294.743, 151.742, 48, 253.014, 141.836, 49, 40.4004, 259.609, 50, 69.599, 106.267
193589.09215661900816, 1, 351.666, 233.476, 2, 71.7261, 269.671, 3, 282.683, 320.111, 4, 210.287, 255.045, 5, 484.931, 164.707, 7, 470.848, 327.882, 8, 220.643, 398.674, 9, 149.046, 453.041, 10, 314.632, 288.307, 11, 490.929, 133.863, 12, 474.897, 293.885, 13, 336.369, 353.289, 14, 324.249, 453.381, 15, 143.421, 335.524, 16, 386.654, 295.637, 17, 406.867, 139.728, 18, 293.191, 469.069, 19, 405.899, 109.863, 20, 339.148, 85.0561, 21, 299.258, 435.193, 22, 423.996, 68.0231, 23, 382.692, 265.478, 25, 348.367, 382.425, 26, 113.41, 20.1171, 27, 74.09, 414.668, 28, 335.249, 55.3139, 29, 461.61, 471.342, 30, 129.322, 194.361, 31, 180.667, 246.068, 32, 94.791, 392.951, 33, 498.984, 315.871, 34, 123.203, 52.8314, 35, 196.064, 109.091, 36, 256.761, 24.5968, 37, 64.0477, 234.912, 38, 166.403, 98.1522, 39, 82.3019, 136.845, 40, 116.651, 160.679, 41, 310.326, 73.1538, 42, 255.936, 287.089, 43, 181.714, 451.356, 44, 154.271, 163.647, 45, 315.524, 318.225, 46, 411.597, 466.69, 47, 294.115, 151.759, 48, 252.397, 141.777, 49, 39.418, 259.597, 50, 68.7835, 106.099
193589.12562298600096, 1, 350.623, 233.394, 2, 70.2782, 269.72, 3, 281.598, 320.139, 4, 209.101, 255.031, 5, 483.776, 164.646, 7, 469.75, 327.729, 8, 219.527, 398.769, 9, 147.774, 453.272, 10, 313.561, 288.229, 11, 489.846, 133.743, 12, 473.789, 293.722, 13, 335.373, 353.281, 14, 323.25, 453.352, 15, 142.192, 335.574, 16, 385.571, 295.503, 17, 405.734, 139.621, 18, 292.246, 469.092, 19, 404.768, 109.793, 20, 337.995, 84.8592, 21, 298.239, 435.194, 22, 422.864, 67.8848, 23, 381.542, 265.398, 25, 347.378, 382.372, 26, 111.903, 19.8126, 27, 72.6355, 414.91, 28, 334.035, 55.1052, 29, 460.631, 471.192, 30, 127.974, 194.274, 31, 179.414, 246.005, 32, 93.4792, 393.194, 33, 497.84, 315.701, 34, 121.748, 52.5166, 35, 194.733, 108.896, 36, 255.503, 24.4088, 37, 62.5694, 234.935, 38, 165.102, 97.9848, 39, 80.8012, 136.66, 40, 115.323, 160.576, 41, 309.128, 73.0131, 42, 254.734, 287.059, 43, 180.551, 451.549, 44, 152.899, 163.536, 45, 314.444, 318.215, 46, 410.577, 466.55, 47, 292.982, 151.609, 48, 251.219, 141.659, 49, 37.8827, 259.643, 50, 67.2773, 105.944
193589.15893931902247, 2, 68.274, 269.582, 3, 280.129, 319.891, 4, 207.501, 254.803, 5, 482.229, 164.287, 7, 468.294, 327.362, 8, 218.081, 398.676, 9, 146.14, 453.352, 10, 312.158, 287.938, 11, 488.211, 133.396, 12, 472.266, 293.36, 13, 333.941, 352.967, 14, 321.846, 453.114, 15, 140.484, 335.489, 16, 384.148, 295.156, 17, 404.222, 139.304, 18, 290.835, 468.908, 19, 403.215, 109.415, 20, 336.387, 84.4485, 21, 296.86, 434.977, 22, 421.302, 67.5198, 23, 380.08, 265.07, 25, 345.958, 382.053, 26, 109.845, 19.1383, 27, 70.7879, 415.097, 28, 332.526, 54.6933, 29, 459.144, 470.696, 30, 126.103, 194.014, 31, 177.691, 245.787, 32, 91.6417, 393.251, 33, 496.354, 315.34, 34, 119.807, 51.8765, 35, 193.023, 108.421, 36, 253.828, 23.848, 37, 60.4845, 234.715, 38, 163.195, 97.5352, 39, 78.7366, 136.279, 40, 113.384, 160.222, 41, 307.523, 72.5486, 42, 253.293, 286.822, 43, 179.005, 451.53, 44, 151.098, 163.203, 45, 313.026, 317.915, 46, 409.182, 466.211, 47, 291.414, 151.288, 48, 249.62, 141.296, 49, 35.734, 259.498, 50, 65.1003, 105.459
193589.19225562401698, 2, 66.5559, 269.836, 3, 278.964, 319.854, 4, 206.087, 254.833, 5, 480.732, 163.91, 7, 467.038, 327.047, 8, 216.956, 398.804, 9, 145.052, 453.725, 10, 310.957, 287.807, 11, 486.726, 133.01, 12, 471.022, 292.933, 13, 332.851, 352.813, 14, 320.944, 453.022, 15, 139.093, 335.731, 16, 382.975, 294.938, 17, 402.786, 139.037, 18, 289.902, 468.9, 19, 401.779, 109.135, 20, 334.893, 84.19, 21, 295.886, 434.904, 22, 419.753, 67.1965, 23, 378.893, 264.828, 25, 344.906, 381.893, 26, 107.84, 18.8901, 27, 69.3674, 415.576, 28, 330.949, 54.4221, 29, 458.174, 470.298, 30, 124.475, 194.104, 31, 176.224, 245.881, 32, 90.222, 393.606, 33, 495.112, 314.869, 34, 117.778, 51.6642, 35, 191.372, 108.334, 36, 252.165, 23.6386, 37, 58.7394, 234.939, 38, 161.464, 97.3533, 39, 76.8242, 136.307, 40, 111.653, 160.218, 41, 305.97, 72.3013, 42, 251.951, 286.781, 43, 178.014, 451.77, 44, 149.417, 163.163, 45, 311.918, 317.799, 46, 408.176, 465.977, 47, 289.977, 151.079, 48, 248.128, 141.14, 49, 33.868, 259.844, 50, 63.0478, 105.42
193589.2255719860259, 2, 66.5717, 269.558, 5, 480.751, 163.34, 7, 467.058, 326.448, 8, 217.015, 398.372, 9, 145.231, 453.31, 11, 486.688, 132.419, 12, 471.03, 292.479, 13, 332.859, 352.376, 14, 321.023, 452.501, 15, 139.136, 335.413, 16, 382.955, 294.443, 17, 402.727, 138.515, 18, 290.033, 468.469, 19, 401.713, 108.662, 20, 334.738, 83.6888, 21, 295.926, 434.471, 22, 419.649, 66.6292, 23, 378.893, 264.399, 25, 344.978, 381.45, 26, 107.595, 18.4689, 27, 69.476, 415.228, 28, 330.798, 53.8526, 29, 458.218, 469.701, 30, 124.392, 193.741, 31, 176.183, 245.503, 32, 90.3787, 393.287, 33, 495.088, 314.373, 34, 117.562, 51.3397, 35, 191.163, 107.917, 36, 251.908, 23.1291, 37, 58.7261, 234.652, 38, 161.268, 96.9908, 39, 76.6837, 135.966, 40, 111.533, 159.865, 41, 305.811, 71.8203, 43, 178.093, 451.413, 44, 149.301, 162.85, 46, 408.207, 465.53, 47, 289.865, 150.64, 48, 248.022, 140.692, 49, 33.8362, 259.574, 50, 62.824, 105.136
193589.2588883190183, 2, 66.2413, 269.047, 5, 480.592, 163.093, 7, 466.688, 326.179, 8, 216.66, 397.996, 9, 144.783, 452.83, 11, 486.553, 132.216, 12, 470.713, 292.199, 13, 332.568, 352.031, 14, 320.618, 452.113, 15, 138.828, 334.939, 16, 382.655, 294.108, 17, 402.552, 138.241, 18, 289.635, 468.054, 19, 401.53, 108.242, 20, 334.655, 83.3147, 21, 295.58, 434.048, 22, 419.622, 66.239, 23, 378.661, 264.096, 25, 344.62, 381.097, 26, 107.415, 17.7763, 27, 69.1324, 414.673, 28, 330.672, 53.5325, 29, 457.78, 469.416, 30, 124.104, 193.242, 31, 175.888, 245.073, 32, 90.005, 392.879, 33, 494.8, 314.081, 34, 117.395, 50.7396, 35, 191.058, 107.402, 36, 251.764, 22.6199, 37, 58.4292, 234.152, 38, 161.132, 96.4398, 39, 76.4045, 135.399, 40, 111.299, 159.322, 41, 305.701, 71.3846, 43, 177.699, 450.918, 44, 149.085, 162.327, 46, 407.72, 465.213, 47, 289.693, 150.218, 48, 247.832, 140.238, 49, 33.5199, 259.025, 50, 62.5662, 104.473
193589.29220462401281, 2, 66.692, 268.667, 5, 480.989, 163.054, 7, 466.978, 326.116, 8, 216.883, 397.685, 9, 145.054, 452.481, 11, 486.909, 132.14, 12, 470.957, 292.082, 13, 332.724, 351.903, 14, 320.799, 451.92, 15, 139.151, 334.666, 16, 382.896, 294.012, 17, 402.934, 138.101, 18, 289.802, 467.839, 19, 401.941, 108.15, 20, 335.117, 83.1342, 21, 295.764, 433.874, 22, 420.004, 66.1812, 23, 378.885, 263.938, 25, 344.807, 380.91, 26, 107.962, 17.6357, 27, 69.4146, 414.322, 28, 331.069, 53.3841, 29, 457.909, 469.296, 30, 124.503, 192.966, 31, 176.277, 244.832, 32, 90.3095, 392.427, 33, 495.015, 314.029, 34, 117.815, 50.4816, 35, 191.417, 107.239, 36, 252.251, 22.4401, 37, 58.7839, 233.826, 38, 161.506, 96.3029, 39, 76.9051, 135.12, 40, 111.685, 159.085, 41, 306.127, 71.2269, 43, 177.946, 450.63, 44, 149.511, 162.104, 46, 407.861, 465.105, 47, 290.067, 150.067, 48, 248.184, 140.139, 49, 33.9554, 258.68, 50, 63.0881, 104.312
193589.32552137202583, 2, 66.8563, 268.193, 5, 481.174, 163.064, 7, 467.015, 326.074, 8, 216.883, 397.382, 9, 144.979, 452.039, 11, 487.17, 132.22, 12, 471.062, 292.111, 13, 332.804, 351.709, 14, 320.674, 451.718, 15, 139.212, 334.214, 16, 383.002, 293.913, 17, 403.177, 138.004, 18, 289.698, 467.593, 19, 402.22, 108.077, 20, 335.423, 83.0621, 21, 295.659, 433.637, 22, 420.333, 66.1752, 23, 378.963, 263.831, 25, 344.778, 380.773, 26, 108.419, 17.2822, 27, 69.5219, 413.782, 28, 331.462, 53.2561, 29, 457.753, 469.236, 30, 124.786, 192.593, 31, 176.457, 244.485, 32, 90.3724, 391.951, 33, 495.079, 314.067, 34, 118.287, 50.1348, 35, 191.777, 106.911, 36, 252.665, 22.2729, 37, 59.063, 233.349, 38, 161.872, 95.9832, 39, 77.2376, 134.73, 40, 112.041, 158.733, 41, 306.491, 71.1327, 43, 177.857, 450.232, 44, 149.781, 161.691, 46, 407.716, 465.047, 47, 290.342, 149.877, 48, 248.51, 139.905, 49, 34.2349, 258.163, 50, 63.4874, 103.867
193589.35883728601038, 2, 67.6946, 269.026, 5, 481.716, 163.948, 7, 467.619, 326.924, 8, 217.498, 398.164, 9, 145.584, 452.788, 11, 487.668, 133.021, 12, 471.652, 292.909, 13, 333.41, 352.542, 14, 321.308, 452.653, 15, 139.941, 334.99, 16, 383.534, 294.695, 17, 403.742, 138.852, 18, 290.259, 468.452, 19, 402.769, 109.024, 20, 336.036, 84.1011, 21, 296.267, 434.502, 22, 420.886, 67.1061, 23, 379.628, 264.621, 25, 345.443, 381.604, 26, 109.432, 18.6107, 27, 70.1773, 414.52, 28, 332.137, 54.3633, 29, 458.452, 470.242, 30, 125.64, 193.403, 31, 177.183, 245.321, 32, 91.1194, 392.655, 33, 495.673, 314.896, 34, 119.235, 51.3728, 35, 192.603, 107.927, 36, 253.427, 23.4674, 37, 59.9781, 234.172, 38, 162.78, 96.9617, 39, 78.2845, 135.681, 40, 112.916, 159.721, 41, 307.104, 72.1086, 43, 178.464, 451.012, 44, 150.598, 162.67, 46, 408.426, 465.793, 47, 290.964, 150.792, 48, 249.158, 140.801, 49, 35.1662, 258.971, 50, 64.5527, 104.872
193589.39215365200653, 2, 67.5524, 269.469, 5, 481.551, 164.779, 7, 467.356, 327.707, 8, 217.151, 398.806, 9, 145.083, 453.502, 11, 487.528, 133.936, 12, 471.392, 293.727, 13, 333.123, 353.272, 14, 320.908, 453.45, 15, 139.623, 335.544, 16, 383.362, 295.417, 17, 403.627, 139.784, 18, 289.835, 469.249, 19, 402.679, 109.934, 20, 336.001, 84.9011, 21, 295.897, 435.314, 22, 420.807, 68.131, 23, 379.387, 265.4, 25, 345.116, 382.399, 26, 109.716, 19.3092, 27, 69.7551, 415.027, 28, 332.129, 55.1785, 29, 458.113, 471.19, 30, 125.561, 193.906, 31, 177.064, 245.848, 32, 90.6312, 393.212, 33, 495.412, 315.746, 34, 119.398, 52.0295, 35, 192.645, 108.621, 36, 253.509, 24.3228, 37, 59.8556, 234.607, 38, 162.868, 97.6287, 39, 78.3324, 136.249, 40, 112.941, 160.214, 41, 307.14, 72.9786, 43, 178.053, 451.696, 44, 150.569, 163.254, 46, 408.147, 466.578, 47, 290.902, 151.542, 48, 249.236, 141.532, 49, 34.9998, 259.408, 50, 64.6909, 105.494
193589.42546995700104, 2, 64.9697, 269.858, 5, 479.691, 166.948, 7, 465.033, 329.611, 8, 214.386, 400.104, 9, 141.684, 454.772, 11, 485.705, 136.212, 12, 469.134, 295.593, 13, 330.726, 354.818, 14, 318.177, 455.211, 15, 136.91, 336.447, 16, 381.216, 297.027, 17, 402.006, 141.616, 18, 287.043, 470.85, 19, 401.153, 111.827, 20, 334.726, 86.5938, 21, 293.171, 436.881, 22, 419.354, 70.2363, 23, 377.33, 266.96, 25, 342.623, 384.013, 26, 108.709, 19.9292, 27, 66.1781, 416.069, 28, 330.867, 56.919, 29, 455.444, 473.501, 30, 123.614, 194.525, 31, 174.928, 246.677, 32, 87.3508, 394.149, 33, 493.098, 317.705, 34, 118.291, 52.5984, 35, 191.334, 109.506, 36, 252.591, 25.6274, 37, 57.3414, 234.959, 38, 161.449, 98.4004, 39, 76.5325, 136.539, 40, 111.026, 160.681, 41, 305.925, 74.5247, 43, 174.826, 453.054, 44, 148.861, 163.824, 46, 405.614, 468.401, 47, 289.368, 152.85, 48, 247.607, 142.665, 49, 32.281, 259.658, 50, 63.0728, 105.746
193589.45878629101207, 2, 60.6992, 268.975, 5, 476.713, 167.833, 7, 461.335, 330.241, 8, 210.404, 400.148, 9, 137.145, 454.784, 11, 482.798, 137.17, 12, 465.599, 296.262, 13, 327.187, 355.067, 14, 314.153, 455.404, 15, 132.912, 335.998, 16, 377.814, 297.273, 17, 399.311, 142.112, 18, 282.943, 471.092, 19, 398.509, 112.316, 20, 332.306, 86.7502, 21, 289.168, 437.143, 22, 416.883, 70.9477, 23, 374.096, 267.284, 25, 338.895, 384.264, 26, 105.952, 18.3819, 27, 61.2078, 415.705, 28, 328.661, 56.9769, 29, 451.213, 473.947, 30, 120.194, 193.541, 31, 171.429, 246.203, 32, 82.6295, 393.735, 33, 489.428, 318.409, 34, 115.417, 51.2228, 35, 188.52, 108.75, 36, 250.39, 25.2187, 37, 53.2366, 233.848, 38, 158.587, 97.4654, 39, 73.0834, 135.176, 40, 107.737, 159.63, 41, 303.544, 74.4776, 43, 170.412, 453.079, 44, 145.634, 162.969, 46, 401.598, 468.704, 47, 286.636, 152.651, 48, 244.86, 142.314, 49, 27.729, 258.559, 50, 59.5133, 104.168
193589.49225337101961, 2, 57.168, 266.965, 5, 474.466, 167.971, 7, 458.337, 330.115, 8, 206.92, 399.068, 9, 133.099, 453.656, 11, 480.807, 137.321, 12, 462.693, 296.102, 13, 324.163, 354.418, 14, 310.598, 454.807, 15, 129.466, 334.483, 16, 375.145, 296.816, 17, 397.42, 141.736, 18, 279.33, 470.376, 19, 396.713, 111.84, 20, 330.678, 85.9521, 21, 285.661, 436.352, 22, 415.301, 70.6603, 23, 371.554, 266.811, 25, 335.765, 383.634, 26, 103.909, 15.8711, 27, 57.0015, 414.176, 28, 327.122, 56.241, 29, 447.462, 473.66, 30, 117.398, 191.55, 31, 168.572, 244.696, 32, 78.5825, 392.156, 33, 486.39, 318.418, 34, 113.274, 48.8034, 35, 186.444, 107.012, 36, 248.946, 23.7315, 37, 49.8522, 231.728, 38, 156.429, 95.5032, 39, 70.3077, 132.727, 40, 105.037, 157.505, 41, 301.984, 73.4962, 43, 166.562, 451.941, 44, 143.155, 161.01, 46, 397.813, 468.414, 47, 284.596, 151.666, 48, 242.757, 140.996, 49, 23.9541, 256.41, 50, 56.8244, 101.614
193589.52556898602052, 2, 55.658, 265.069, 5, 473.969, 167.761, 7, 457.055, 329.857, 8, 205.284, 397.921, 9, 131.02, 452.255, 11, 480.364, 137.103, 12, 461.576, 295.844, 13, 322.77, 353.675, 14, 308.8, 453.997, 15, 127.846, 333.053, 16, 373.998, 296.171, 17, 396.944, 141.126, 18, 277.416, 469.563, 19, 396.436, 111.257, 20, 330.397, 85.0219, 21, 283.882, 435.467, 22, 415.179, 70.0664, 23, 370.605, 266.229, 25, 334.237, 382.918, 26, 103.405, 13.5965, 27, 54.9434, 412.499, 28, 327.006, 55.1802, 29, 445.575, 473.336, 30, 116.372, 189.782, 31, 167.443, 243.254, 32, 76.6367, 390.521, 33, 485.15, 318.253, 34, 112.582, 46.6806, 35, 185.896, 105.395, 36, 248.793, 22.2524, 37, 48.3718, 229.743, 38, 155.8, 93.728, 39, 69.2404, 130.653, 40, 104.037, 155.625, 41, 301.762, 72.4053, 43, 164.608, 450.674, 44, 142.21, 159.249, 46, 395.85, 467.931, 47, 283.982, 150.547, 48, 242.149, 139.687, 49, 22.3736, 254.381, 50, 55.8455, 99.3355
193589.55888531901292, 2, 51.8527, 264.383, 5, 471.368, 166.88, 7, 454.473, 328.874, 8, 202.482, 397.339, 9, 128.03, 452.028, 11, 477.766, 136.188, 12, 458.982, 294.952, 13, 320.293, 352.907, 14, 306.34, 453.317, 15, 124.666, 332.505, 16, 371.49, 295.398, 17, 394.435, 140.217, 18, 274.873, 468.981, 19, 393.873, 110.241, 20, 327.817, 83.8564, 21, 281.409, 434.846, 22, 412.629, 69.048, 23, 368.058, 265.378, 25, 331.743, 382.149, 26, 99.7296, 11.7452, 27, 51.4054, 412.348, 28, 324.386, 54.0032, 29, 443.086, 472.282, 30, 112.992, 188.778, 31, 164.341, 242.438, 32, 73.2013, 390.26, 33, 482.498, 317.352, 34, 108.988, 44.8913, 35, 182.744, 104.17, 36, 245.946, 20.7252, 37, 44.531, 228.945, 38, 152.528, 92.3609, 39, 65.4495, 129.392, 40, 100.534, 154.412, 41, 299.032, 71.1846, 43, 161.742, 450.338, 44, 138.983, 158.101, 46, 393.296, 467.104, 47, 281.304, 149.508, 48, 239.388, 138.55, 49, 18.2499, 253.69, 50, 51.924, 97.7544
193589.59220161900157, 2, 49.5511, 263.223, 5, 469.972, 165.765, 7, 453.043, 327.755, 8, 200.854, 396.395, 9, 126.222, 451.185, 11, 476.422, 134.966, 12, 457.53, 293.77, 13, 318.812, 351.806, 14, 304.757, 452.208, 15, 122.852, 331.425, 16, 370.048, 294.259, 17, 393.108, 138.782, 18, 273.316, 467.963, 19, 392.517, 108.901, 20, 326.362, 82.4042, 21, 279.833, 433.727, 22, 411.334, 67.6372, 23, 366.621, 264.249, 25, 330.246, 381.036, 26, 97.5714, 9.70283, 27, 49.233, 411.558, 28, 322.813, 52.4815, 29, 441.514, 471.033, 30, 110.879, 187.36, 31, 162.497, 241.248, 32, 71.1131, 389.311, 33, 481.03, 316.163, 34, 106.71, 42.9951, 35, 180.913, 102.564, 36, 244.296, 18.9191, 37, 42.1473, 227.692, 38, 150.495, 90.6621, 39, 63.0683, 127.674, 40, 98.3181, 152.91, 41, 297.515, 69.6278, 43, 160.033, 449.38, 44, 136.968, 156.634, 46, 391.644, 466.102, 47, 279.795, 148.105, 48, 237.74, 137.109, 49, 15.7077, 252.479, 50, 49.3873, 96.0267
193589.62551795702893, 2, 47.2592, 262.465, 5, 468.664, 165.046, 7, 451.549, 327.101, 8, 199.137, 395.918, 9, 124.233, 450.853, 11, 475.097, 134.315, 12, 456.089, 293.135, 13, 317.359, 351.253, 14, 303.277, 451.69, 15, 120.878, 330.932, 16, 368.667, 293.57, 17, 391.737, 138.077, 18, 271.744, 467.525, 19, 391.25, 108.06, 20, 324.982, 81.4619, 21, 278.273, 433.245, 22, 410.055, 66.7399, 23, 365.255, 263.591, 25, 328.743, 380.492, 26, 95.4334, 8.15467, 27, 46.8744, 411.147, 28, 321.577, 51.3956, 29, 440.049, 470.447, 30, 108.905, 186.479, 31, 160.64, 240.488, 32, 68.9265, 388.905, 33, 479.571, 315.49, 34, 104.641, 41.5162, 35, 179.127, 101.42, 36, 242.676, 17.6251, 37, 39.7349, 226.802, 38, 148.59, 89.4836, 39, 60.7561, 126.526, 40, 96.1672, 151.819, 41, 296.081, 68.5976, 43, 158.178, 449.066, 44, 135.127, 155.547, 46, 390.076, 465.613, 47, 278.308, 147.216, 48, 236.16, 136.166, 49, 13.1878, 251.642, 50, 47.0587, 94.6671
193589.65883429101086, 2, 40.8204, 260.613, 5, 464.391, 163.14, 7, 447.106, 325.124, 8, 194.416, 394.471, 9, 119.049, 449.819, 11, 470.851, 132.378, 12, 451.64, 291.022, 13, 313.057, 349.436, 14, 298.948, 449.98, 15, 115.403, 329.511, 16, 364.343, 291.588, 17, 387.552, 135.924, 18, 267.374, 465.923, 19, 386.934, 105.851, 20, 320.625, 79.0373, 21, 273.937, 431.583, 22, 405.847, 64.4747, 23, 361.023, 261.612, 25, 324.481, 378.668, 26, 89.0557, 3.92792, 27, 40.7953, 410.293, 28, 317.19, 48.8618, 29, 435.667, 468.116, 30, 103.174, 184.077, 31, 155.356, 238.498, 32, 62.9172, 387.813, 33, 475.099, 313.51, 34, 98.4793, 37.9173, 35, 173.973, 98.6565, 36, 237.905, 14.4862, 37, 33.1097, 224.653, 38, 142.966, 86.4453, 39, 54.178, 123.648, 40, 90.1882, 149.112, 41, 291.576, 65.9636, 43, 153.319, 447.915, 44, 129.538, 153.056, 46, 385.613, 463.519, 47, 273.827, 144.928, 48, 231.39, 133.689, 49, 6.05385, 249.772, 50, 40.277, 91.577
193589.69215059501585, 2, 35.5927, 257.97, 5, 461.201, 160.707, 7, 443.767, 322.579, 8, 190.682, 392.188, 9, 115.006, 447.771, 11, 467.777, 129.876, 12, 448.288, 288.608, 13, 309.655, 347.012, 14, 295.543, 447.455, 15, 111.198, 327.164, 16, 361.148, 289.159, 17, 384.374, 133.243, 18, 263.947, 463.55, 19, 383.916, 103.134, 20, 317.42, 75.9004, 21, 270.54, 429.247, 22, 402.929, 61.6342, 23, 357.781, 259.26, 25, 321.083, 376.252, 27, 36.0399, 408.222, 28, 313.985, 45.5529, 29, 432.066, 465.199, 30, 98.5856, 180.953, 31, 151.282, 235.842, 32, 58.2975, 385.645, 33, 471.604, 310.94, 34, 93.4065, 33.5378, 35, 169.86, 95.1379, 36, 234.245, 10.5839, 37, 27.8797, 221.9, 38, 138.489, 82.7326, 39, 48.9299, 120.062, 40, 85.462, 145.798, 41, 288.233, 62.7142, 43, 149.458, 445.734, 44, 125.241, 149.698, 46, 382.205, 460.73, 47, 270.415, 141.921, 48, 227.74, 130.533, 50, 34.9912, 87.619
193589.72546698601218, 2, 33.4124, 257.053, 5, 460.014, 160.216, 7, 442.415, 322.072, 8, 189.083, 391.643, 9, 113.066, 447.317, 11, 466.588, 129.323, 12, 446.979, 288.037, 13, 308.279, 346.447, 14, 293.962, 446.947, 15, 109.358, 326.442, 16, 359.821, 288.485, 17, 383.277, 132.581, 18, 262.365, 463.032, 19, 382.808, 102.286, 20, 316.269, 75.0576, 21, 268.979, 428.654, 22, 401.801, 60.8466, 23, 356.456, 258.631, 25, 319.644, 375.635, 27, 33.8464, 407.694, 28, 312.84, 44.7037, 29, 430.569, 464.622, 30, 96.7234, 179.869, 31, 149.587, 235.03, 32, 56.1622, 384.99, 33, 470.264, 310.433, 34, 91.558, 31.9445, 35, 168.27, 93.9877, 36, 232.901, 9.37353, 37, 25.6638, 220.784, 38, 136.818, 81.5375, 39, 46.8052, 118.717, 40, 83.5918, 144.534, 41, 287.045, 61.7969, 43, 147.63, 445.241, 44, 123.566, 148.553, 46, 380.773, 460.118, 47, 269.091, 141.005, 48, 226.3, 129.552, 50, 32.8427, 86.2067
193589.75878328600083, 2, 31.0316, 257.262, 5, 458.515, 160.715, 7, 440.866, 322.44, 8, 187.143, 392.15, 9, 110.865, 448.009, 11, 465.092, 129.853, 12, 445.397, 288.438, 13, 306.659, 346.8, 14, 292.37, 447.487, 15, 107.354, 326.832, 16, 358.374, 288.942, 17, 381.875, 132.968, 18, 260.687, 463.596, 19, 381.422, 102.798, 20, 314.838, 75.3968, 21, 267.289, 429.2, 22, 400.451, 61.3963, 23, 355.054, 258.971, 25, 318.114, 376.123, 27, 31.3228, 408.327, 28, 311.514, 44.9448, 29, 428.991, 465.028, 30, 94.731, 179.952, 31, 147.759, 235.235, 32, 53.7867, 385.54, 33, 468.655, 310.828, 34, 89.7564, 31.7164, 35, 166.661, 94.0656, 36, 231.473, 9.41813, 37, 23.2926, 220.953, 38, 135.133, 81.4517, 39, 44.6511, 118.588, 40, 81.5971, 144.498, 41, 285.628, 62.1022, 43, 145.646, 445.843, 44, 121.664, 148.56, 46, 379.195, 460.591, 47, 267.661, 141.289, 48, 224.882, 129.713, 50, 30.763, 85.8952
193589.7920996240282, 2, 31.8061, 256.639, 5, 459.125, 159.842, 7, 441.54, 321.639, 8, 187.955, 391.434, 9, 111.718, 447.161, 11, 465.712, 129.004, 12, 446.061, 287.638, 13, 307.289, 346.097, 14, 293.045, 446.6, 15, 108.051, 326.235, 16, 359.001, 288.138, 17, 382.426, 132.151, 18, 261.442, 462.698, 19, 382.012, 101.965, 20, 315.359, 74.5693, 21, 268.002, 428.361, 22, 401.027, 60.4135, 25, 318.748, 375.314, 27, 32.3323, 407.654, 28, 311.907, 44.1702, 29, 429.668, 464.127, 30, 95.332, 179.36, 31, 148.392, 234.588, 32, 54.644, 384.874, 33, 469.323, 310.041, 34, 90.0848, 31.0713, 35, 167.186, 93.3396, 36, 231.871, 8.64115, 37, 23.975, 220.337, 38, 135.541, 80.7421, 39, 45.1711, 118.027, 40, 82.1222, 143.94, 41, 286.08, 61.2506, 43, 146.451, 445.07, 44, 122.229, 147.876, 46, 379.862, 459.695, 47, 268.172, 140.536, 48, 225.316, 129.022, 50, 31.1723, 85.4314
193589.82556598601514, 2, 32.7066, 255.552, 5, 460.047, 159.173, 7, 442.226, 320.987, 8, 188.606, 390.406, 9, 112.493, 445.927, 11, 466.654, 128.315, 12, 446.764, 286.979, 13, 307.85, 345.256, 14, 293.58, 445.667, 15, 108.831, 325.145, 16, 359.699, 287.397, 17, 383.31, 131.407, 18, 261.922, 461.71, 19, 382.934, 101.165, 20, 316.243, 73.6867, 21, 268.55, 427.42, 22, 402.032, 59.6107, 25, 319.273, 374.465, 27, 33.1617, 406.324, 28, 312.852, 43.2172, 29, 430.152, 463.3, 30, 96.1531, 178.346, 31, 149.18, 233.634, 32, 55.4631, 383.608, 33, 469.948, 309.392, 34, 91.0554, 29.9479, 35, 167.945, 92.3459, 36, 232.79, 7.53496, 37, 24.8279, 219.251, 38, 136.429, 79.7426, 39, 45.9932, 116.958, 40, 82.9367, 142.849, 41, 286.958, 60.3648, 43, 147.14, 443.866, 44, 123.064, 146.845, 46, 380.32, 458.847, 47, 268.984, 139.637, 48, 226.169, 128.095, 50, 32.0562, 84.3163
193589.85888229002012, 2, 31.3485, 255.862, 5, 459.024, 159.502, 7, 441.275, 321.259, 8, 187.629, 390.765, 9, 111.369, 446.519, 11, 465.602, 128.679, 12, 445.853, 287.298, 13, 307.069, 345.576, 14, 292.693, 446.014, 15, 107.738, 325.424, 16, 358.854, 287.74, 17, 382.43, 131.695, 18, 261.056, 462.126, 19, 382.031, 101.49, 20, 315.3, 73.9897, 21, 267.616, 427.78, 22, 401.089, 59.9878, 25, 318.423, 374.746, 27, 31.7559, 406.955, 28, 312.023, 43.5119, 29, 429.322, 463.597, 30, 94.9962, 178.553, 31, 148.104, 233.919, 32, 54.1701, 384.159, 33, 469.03, 309.65, 34, 89.8593, 30.0272, 35, 166.974, 92.5518, 36, 231.86, 7.77731, 37, 23.5124, 219.506, 38, 135.359, 79.9152, 39, 44.76, 117.07, 40, 81.7966, 143.085, 41, 286.062, 60.608, 43, 146.093, 444.374, 44, 122, 147.086, 46, 379.481, 459.15, 47, 268.084, 139.908, 48, 225.245, 128.352, 50, 30.8257, 84.4117
193589.89219865202904, 2, 26.977, 256.215, 5, 455.869, 159.491, 7, 438.336, 321.061, 8, 184.505, 391.204, 9, 107.862, 447.385, 11, 462.445, 128.64, 12, 442.806, 287.073, 13, 304.182, 345.65, 14, 289.964, 446.176, 15, 104.114, 325.957, 16, 355.93, 287.674, 17, 379.344, 131.737, 18, 258.163, 462.434, 19, 378.902, 101.402, 20, 312.211, 73.8482, 21, 264.858, 427.973, 22, 397.931, 60.0111, 25, 315.639, 374.831, 27, 27.7287, 407.885, 28, 308.769, 43.361, 29, 426.531, 463.285, 30, 91.1047, 178.488, 31, 144.566, 234.095, 32, 50.1915, 384.97, 33, 465.966, 309.432, 34, 85.7371, 29.3697, 35, 163.412, 92.3104, 36, 228.383, 7.49331, 37, 19.0916, 219.661, 38, 131.514, 79.5767, 39, 40.4021, 116.752, 40, 77.7209, 142.848, 41, 282.816, 60.4337, 43, 142.814, 445.107, 44, 118.254, 146.946, 46, 376.733, 458.993, 47, 264.915, 139.809, 48, 221.933, 128.217, 50, 26.4455, 84.017
193589.92551492401981, 2, 23.2433, 255.65, 5, 453.31, 159.168, 7, 435.714, 320.661, 8, 181.718, 390.996, 9, 104.757, 447.419, 11, 459.871, 128.315, 12, 440.235, 286.678, 13, 301.653, 345.294, 14, 287.415, 445.879, 15, 100.886, 325.726, 16, 353.434, 287.257, 17, 376.921, 131.22, 18, 255.666, 462.191, 19, 376.445, 100.951, 20, 309.673, 73.1847, 21, 262.268, 427.735, 22, 395.468, 59.4754, 25, 313.12, 374.45, 27, 24.1417, 407.882, 28, 306.38, 42.6109, 29, 423.895, 462.704, 30, 87.8142, 177.729, 31, 141.556, 233.585, 32, 46.6509, 384.848, 33, 463.377, 309.035, 34, 82.3652, 28.0797, 35, 160.484, 91.3492, 36, 225.746, 6.42241, 37, 15.2615, 219.056, 38, 128.394, 78.454, 39, 36.7236, 115.67, 40, 74.3336, 141.971, 41, 280.283, 59.6663, 43, 139.859, 445.023, 44, 115.108, 146.103, 46, 374.255, 458.547, 47, 262.353, 139.184, 48, 219.277, 127.498, 50, 22.7939, 82.8442
193589.95883128602873, 2, 19.0226, 255.903, 5, 450.536, 159.224, 7, 432.993, 320.66, 8, 178.701, 391.461, 9, 101.259, 448.303, 11, 457.054, 128.372, 12, 437.456, 286.666, 13, 298.962, 345.449, 14, 284.722, 446.218, 15, 97.4555, 326.121, 16, 350.728, 287.34, 17, 374.126, 131.258, 18, 252.899, 462.551, 19, 373.673, 100.928, 20, 306.885, 73.0367, 21, 259.56, 428.112, 22, 392.666, 59.4653, 25, 310.442, 374.651, 27, 20.1066, 408.795, 28, 303.496, 42.4188, 29, 421.209, 462.712, 30, 84.1737, 177.572, 31, 138.234, 233.659, 32, 42.7263, 385.576, 33, 460.585, 308.956, 34, 78.5162, 27.3265, 35, 157.098, 91.0086, 36, 222.581, 5.95587, 37, 10.9776, 219.108, 38, 124.84, 78.071, 39, 32.5683, 115.31, 40, 70.4851, 141.678, 41, 277.397, 59.4652, 43, 136.668, 445.79, 44, 111.59, 145.761, 46, 371.563, 458.62, 47, 259.444, 139.071, 48, 216.242, 127.293, 50, 18.7533, 82.5033
193589.99214762402698, 2, 13.7892, 256.203, 5, 447.112, 159.126, 7, 429.678, 320.554, 8, 175.022, 392.049, 9, 97.0979, 449.359, 11, 453.563, 128.308, 12, 434.118, 286.568, 13, 295.648, 345.548, 14, 281.516, 446.569, 15, 93.1504, 326.619, 16, 347.464, 287.293, 17, 370.666, 131.03, 18, 249.538, 462.997, 19, 370.228, 100.765, 20, 303.318, 72.6874, 21, 256.288, 428.485, 22, 389.149, 59.2808, 25, 307.215, 374.827, 27, 15.2013, 409.772, 28, 299.83, 41.9666, 29, 418.095, 462.629, 30, 79.5144, 177.337, 31, 134.008, 233.744, 32, 37.9444, 386.491, 33, 457.248, 308.809, 34, 73.5484, 26.4045, 35, 152.888, 90.4757, 36, 218.599, 5.3214, 37, 5.33978, 219.255, 38, 120.291, 77.3684, 39, 27.3336, 114.793, 40, 65.6405, 141.251, 41, 273.732, 59.0747, 43, 132.755, 446.698, 44, 107.081, 145.465, 46, 368.461, 458.674, 47, 255.846, 138.775, 48, 212.414, 126.993, 50, 13.5365, 81.9709
193590.02546395201352, 2, 9.71677, 255.919, 5, 444.734, 159.159, 7, 427.277, 320.65, 8, 172.057, 392.325, 9, 93.6624, 450.006, 11, 451.278, 128.261, 12, 431.744, 286.557, 13, 293.176, 345.605, 14, 278.952, 446.876, 15, 89.6891, 326.782, 16, 345.07, 287.401, 17, 368.411, 130.937, 18, 246.865, 463.372, 19, 367.944, 100.496, 20, 300.932, 72.3143, 21, 253.619, 428.739, 22, 386.919, 59.0383, 25, 304.71, 374.967, 27, 11.3176, 410.24, 28, 297.576, 41.5821, 29, 415.636, 462.78, 30, 76.067, 176.739, 31, 130.971, 233.511, 32, 34.083, 386.858, 33, 454.829, 308.835, 34, 70.1778, 25.2136, 35, 149.958, 89.6569, 36, 216.054, 4.38428, 37, 1.18597, 218.563, 38, 117.127, 76.5145, 39, 23.5428, 113.93, 40, 62.0673, 140.488, 41, 271.325, 58.5978, 43, 129.61, 447.211, 44, 103.829, 144.816, 46, 366.048, 458.816, 47, 253.343, 138.414, 48, 209.786, 126.506, 50, 9.82673, 80.9735
193590.05878028602456, 2, 5.01391, 254.514, 5, 442.41, 158.643, 7, 424.447, 320.091, 8, 168.616, 391.529, 9, 89.5635, 449.276, 11, 449.02, 127.755, 12, 429.037, 286.078, 13, 290.274, 344.961, 14, 275.719, 446.269, 15, 85.9123, 325.639, 16, 342.425, 286.674, 17, 366.148, 130.112, 18, 243.533, 462.731, 19, 365.728, 99.5836, 20, 298.669, 71.0249, 21, 250.351, 428.12, 22, 384.802, 58.1467, 25, 301.758, 374.334, 27, 6.73629, 409.376, 28, 295.383, 40.1441, 29, 412.466, 462.234, 30, 72.3719, 175.005, 31, 127.54, 232.191, 32, 29.5635, 385.94, 33, 452.039, 308.448, 34, 66.7438, 22.6079, 35, 146.981, 87.8088, 36, 213.607, 2.46891, 38, 113.735, 74.2612, 39, 19.5118, 111.591, 40, 58.3152, 138.511, 41, 268.936, 57.1422, 43, 125.756, 446.588, 44, 100.454, 142.858, 46, 362.84, 458.268, 47, 250.766, 137.109, 48, 207.043, 124.949, 50, 5.92379, 78.2784
193590.0920966520207, 2, 1.1356, 253.629, 5, 440.239, 158.155, 7, 422.207, 319.59, 8, 165.85, 391.194, 9, 86.3806, 449.213, 11, 446.807, 127.191, 12, 426.714, 285.635, 13, 287.835, 344.407, 14, 273.275, 445.834, 15, 82.6415, 325.25, 16, 340.189, 286.196, 17, 363.96, 129.399, 18, 241.06, 462.414, 19, 363.577, 98.8233, 20, 296.473, 70.0785, 21, 247.931, 427.699, 22, 382.769, 57.3976, 25, 299.367, 373.819, 27, 2.60147, 409.065, 28, 293.065, 39.1312, 29, 410.021, 461.622, 30, 68.9842, 173.827, 31, 124.574, 231.428, 32, 25.9058, 385.609, 33, 449.674, 307.89, 34, 63.3357, 20.718, 35, 144.026, 86.4412, 36, 211.1, 0.84416, 38, 110.613, 72.7646, 39, 15.7726, 110.161, 40, 54.7701, 137.168, 41, 266.616, 56.0057, 43, 122.819, 446.35, 44, 97.2801, 141.572, 46, 360.494, 457.718, 47, 248.354, 136.18, 48, 204.508, 123.907, 50, 1.4842, 76.2943
193590.12541298600263, 2, 0.389543, 255.883, 5, 440.002, 160.576, 7, 422.118, 322.172, 8, 165.271, 393.796, 9, 85.4354, 452.049, 11, 446.572, 129.715, 12, 426.562, 288.035, 13, 287.457, 346.917, 14, 272.877, 448.621, 15, 82.0245, 327.612, 16, 339.957, 288.606, 17, 363.787, 131.852, 18, 240.559, 465.271, 19, 363.359, 101.365, 20, 296.297, 72.557, 21, 247.398, 430.463, 22, 382.558, 59.9901, 25, 299.088, 376.401, 27, 1.3756, 411.707, 28, 292.87, 41.6249, 29, 409.961, 464.481, 30, 68.6048, 176.102, 31, 124.137, 233.644, 32, 24.8548, 388.237, 33, 449.533, 310.337, 34, 63.2553, 23.2415, 35, 143.918, 88.8002, 36, 211.171, 3.38707, 38, 110.518, 75.221, 39, 15.5807, 112.357, 40, 54.5652, 139.351, 41, 266.485, 58.533, 43, 121.95, 449.204, 44, 96.9968, 143.904, 46, 360.34, 460.571, 47, 248.165, 138.479, 48, 204.271, 126.279, 50, 1.07405, 78.4891
193590.15872931902413, 5, 439.01, 163.548, 7, 421.193, 325.047, 8, 163.656, 396.885, 9, 83.1847, 455.546, 11, 445.465, 132.738, 12, 425.678, 290.83, 13, 286.35, 349.813, 14, 271.657, 451.867, 15, 80.2134, 330.463, 16, 339.049, 291.439, 17, 362.884, 134.9, 18, 239.178, 468.533, 19, 362.459, 104.286, 20, 295.414, 75.4937, 21, 246.107, 433.597, 22, 381.587, 63.149, 25, 297.922, 379.392, 28, 292.055, 44.669, 29, 409.051, 467.938, 30, 67.2945, 178.612, 31, 122.779, 236.318, 32, 22.5558, 391.333, 33, 448.629, 313.238, 34, 62.4239, 25.8055, 35, 143.065, 91.4935, 36, 210.517, 6.36269, 38, 109.707, 77.8865, 39, 14.4064, 114.777, 40, 53.2339, 141.836, 41, 265.684, 61.4755, 43, 119.966, 452.57, 44, 95.8671, 146.381, 46, 359.374, 463.989, 47, 247.251, 141.218, 48, 203.4, 128.926
193590.19219562402577, 5, 438.03, 163.614, 7, 420.046, 325.105, 8, 162.078, 396.789, 9, 81.2533, 455.651, 11, 444.53, 132.793, 12, 424.59, 290.933, 13, 285.091, 349.687, 14, 270.291, 451.935, 15, 78.3293, 330.284, 16, 337.963, 291.412, 17, 361.959, 134.798, 18, 237.67, 468.585, 19, 361.559, 104.18, 20, 294.449, 75.1498, 21, 244.72, 433.589, 22, 380.721, 63.0233, 25, 296.705, 379.335, 28, 291.161, 44.3268, 29, 407.759, 467.958, 30, 65.6042, 177.893, 31, 121.301, 235.923, 32, 20.5532, 391.135, 33, 447.454, 313.266, 34, 60.8493, 24.821, 35, 141.665, 90.8254, 36, 209.391, 5.68925, 38, 108.173, 77.0121, 39, 12.4964, 113.937, 40, 51.4676, 141.134, 41, 264.725, 61.0899, 43, 118.269, 452.584, 44, 94.2853, 145.66, 46, 358.049, 464.014, 47, 246.144, 140.864, 48, 202.228, 128.474
193590.22551198600559, 5, 436.224, 164.61, 7, 418.087, 326.019, 8, 159.53, 397.629, 9, 78.0469, 456.699, 11, 442.828, 133.788, 12, 422.652, 291.864, 13, 282.947, 350.528, 14, 267.985, 452.918, 15, 75.3853, 330.878, 16, 336.081, 292.215, 17, 360.314, 135.533, 18, 235.278, 469.588, 19, 359.974, 104.907, 20, 292.88, 75.7311, 21, 242.385, 434.488, 22, 379.211, 63.9484, 25, 294.549, 380.217, 28, 289.512, 44.7637, 29, 405.593, 468.953, 30, 62.8917, 177.952, 31, 118.74, 236.244, 32, 17.0116, 392.003, 33, 445.488, 314.223, 34, 58.502, 24.3967, 35, 139.687, 90.8867, 36, 207.799, 5.85408, 38, 105.893, 76.9073, 39, 9.63704, 113.625, 40, 48.7035, 140.91, 41, 263.124, 61.516, 43, 115.279, 453.611, 44, 91.8, 145.631, 46, 355.864, 465.005, 47, 244.308, 141.28, 48, 200.259, 128.743
193590.25882831902709, 5, 433.36, 165.918, 7, 415.559, 327.291, 8, 156.423, 399.592, 9, 74.3338, 459.382, 11, 439.911, 135.115, 12, 420.062, 293.098, 13, 280.3, 352.033, 14, 265.423, 454.733, 15, 71.5121, 332.869, 16, 333.528, 293.591, 17, 357.492, 136.926, 18, 232.601, 471.487, 19, 357.084, 106.205, 20, 289.931, 76.9455, 21, 239.711, 436.404, 22, 376.314, 65.3265, 25, 292.03, 381.753, 28, 286.529, 45.9805, 29, 403.315, 470.336, 30, 58.9496, 179.259, 31, 115.228, 237.742, 32, 12.7401, 394.389, 33, 442.886, 315.372, 34, 54.5389, 25.1032, 35, 136.133, 91.9186, 36, 204.647, 6.71661, 38, 102.134, 77.8348, 39, 5.18066, 114.62, 40, 44.5509, 142.042, 41, 260.094, 62.6426, 43, 111.926, 456.084, 44, 88.0452, 146.731, 46, 353.655, 466.338, 47, 241.377, 142.475, 48, 197.157, 129.9, 51, 616, 290, 52, 300, 228, 53, 224, 288, 54, 146, 248, 55, 225, 318, 56, 144, 218, 57, 331, 263, 58, 611, 238, 59, 216, 164, 60, 273, 201, 61, 253, 305, 62, 456, 7, 63, 103, 333, 64, 393, 279, 65, 608, 135
193590.29214462902746, 5, 433.13, 168.431, 7, 415.847, 329.863, 8, 156.266, 402.874, 9, 73.9713, 463.048, 11, 439.583, 137.544, 12, 420.26, 295.654, 13, 280.342, 354.847, 14, 265.643, 457.983, 15, 71.165, 336.019, 16, 333.648, 296.336, 17, 357.322, 139.524, 18, 232.706, 475.059, 19, 356.809, 108.871, 20, 289.571, 79.6263, 21, 239.841, 439.529, 22, 375.883, 67.9767, 25, 292.207, 384.63, 28, 286.105, 48.7537, 29, 404.038, 473.598, 30, 58.5082, 182.209, 31, 114.847, 240.679, 32, 12.1464, 397.964, 33, 443.118, 317.871, 34, 53.9635, 28.2177, 35, 135.772, 94.7911, 36, 204.319, 9.70376, 38, 101.769, 80.8045, 39, 4.50377, 117.743, 40, 44.1916, 145.1, 41, 259.742, 65.4153, 43, 111.618, 459.68, 44, 87.6226, 149.734, 46, 354.504, 469.342, 47, 241.117, 145.18, 48, 196.824, 132.669, 51, 616.077, 292.095, 52, 299.91, 230.576, 53, 223.852, 290.839, 54, 145.728, 250.877, 55, 224.936, 320.807, 56, 143.702, 220.858, 57, 331.089, 265.608, 58, 610.695, 239.994, 59, 215.728, 166.817, 60, 272.831, 203.555, 61, 252.962, 307.777, 62, 455.351, 9.72009, 63, 102.724, 336.088, 64, 393.159, 281.576, 65, 607.451, 137.146
193590.32546098600142, 5, 432.072, 171.378, 7, 415.491, 333.055, 8, 155.24, 407.126, 9, 72.3793, 468.031, 11, 438.409, 140.596, 12, 419.741, 298.761, 13, 279.646, 358.353, 14, 265.212, 462.011, 15, 69.5014, 340.307, 16, 332.997, 299.669, 17, 356.259, 142.699, 19, 355.63, 112.119, 20, 288.243, 82.971, 21, 239.124, 443.538, 22, 374.421, 71.3653, 25, 291.625, 388.267, 28, 284.669, 52.0986, 29, 403.381, 478.747, 30, 56.7815, 185.956, 31, 113.435, 244.44, 32, 10.189, 402.698, 33, 442.641, 320.894, 34, 52.1597, 31.8791, 35, 134.34, 98.4075, 36, 202.784, 13.3486, 38, 100.163, 84.464, 39, 2.05704, 121.731, 40, 42.318, 148.812, 41, 258.316, 68.8444, 43, 110.294, 464.479, 44, 86.0389, 153.38, 46, 354.796, 473.734, 47, 239.892, 148.564, 48, 195.541, 136.166, 51, 615.095, 294.582, 52, 298.953, 233.763, 53, 222.838, 294.371, 54, 144.465, 254.579, 55, 223.951, 324.465, 56, 142.358, 224.535, 57, 330.321, 268.892, 58, 609.391, 242.345, 59, 214.523, 170.2, 60, 271.78, 206.822, 61, 252.115, 311.288, 63, 101.291, 340.255, 64, 392.6, 284.716, 65, 605.39, 139.865
193590.35877731902292, 5, 430.674, 171.207, 7, 415.085, 333.208, 8, 154.647, 408.914, 9, 71.8547, 470.827, 11, 436.882, 140.328, 12, 419.145, 298.77, 13, 279.177, 359.15, 14, 265.333, 463.086, 15, 68.0834, 342.507, 16, 332.391, 300.297, 17, 354.649, 142.928, 19, 353.829, 112.169, 20, 286.044, 83.192, 21, 239.202, 444.733, 22, 372.438, 71.1704, 25, 291.428, 389.136, 28, 282.329, 52.1695, 29, 403.758, 478.894, 30, 54.2555, 187.626, 31, 111.557, 246.101, 32, 8.90681, 405.36, 33, 442.155, 320.811, 34, 48.508, 32.9835, 35, 131.543, 99.3584, 36, 199.857, 13.6196, 38, 97.0689, 85.5558, 40, 39.4118, 150.439, 41, 255.936, 69.1242, 43, 109.981, 466.732, 44, 83.4326, 154.813, 46, 355.278, 474.233, 47, 238.02, 149.218, 48, 193.453, 136.923, 51, 614.037, 293.414, 52, 297.721, 234.34, 53, 221.824, 295.54, 54, 142.791, 256.054, 55, 223.09, 325.666, 56, 140.536, 225.922, 57, 329.565, 269.403, 58, 608.248, 241.088, 59, 212.673, 170.991, 60, 270.367, 207.424, 61, 251.231, 312.299, 63, 100.12, 342.3, 64, 391.866, 284.955, 65, 604.094, 138.518
193590.39209362401743, 5, 429.829, 170.988, 7, 414.921, 333.318, 8, 154.226, 410.231, 9, 71.3698, 472.772, 11, 435.856, 140.028, 12, 418.798, 298.864, 13, 278.826, 359.77, 14, 265.44, 463.873, 15, 66.9022, 344.194, 16, 332.024, 300.716, 17, 353.585, 142.956, 19, 352.677, 112.154, 20, 284.468, 83.1881, 21, 239.2, 445.646, 22, 371.104, 70.9197, 25, 291.254, 389.736, 28, 280.595, 52.107, 29, 404.192, 479.092, 30, 52.2002, 188.923, 31, 110.109, 247.278, 32, 7.81825, 407.429, 33, 441.911, 320.786, 34, 45.6981, 33.4736, 35, 129.43, 99.8917, 36, 197.676, 13.6362, 38, 94.7045, 86.0547, 40, 37.1272, 151.511, 41, 254.245, 69.2665, 43, 109.675, 468.507, 44, 81.4546, 155.81, 46, 355.641, 474.658, 47, 236.628, 149.615, 48, 191.863, 137.442, 51, 613.531, 292.588, 52, 296.873, 234.686, 53, 221.103, 296.333, 54, 141.59, 257.116, 55, 222.475, 326.521, 56, 139.094, 226.886, 57, 329.127, 269.758, 58, 607.202, 240.215, 59, 211.313, 171.586, 60, 269.34, 207.871, 61, 250.623, 313.009, 63, 99.0606, 343.806, 64, 391.599, 285.166, 65, 602.591, 137.72
193590.42540992400609, 5, 429.004, 172.641, 7, 414.313, 335.13, 8, 152.906, 412.646, 9, 69.4377, 476.069, 11, 434.916, 141.62, 12, 418.243, 300.639, 13, 277.901, 361.666, 14, 264.586, 466.354, 15, 65.0984, 346.464, 16, 331.295, 302.627, 17, 352.684, 144.592, 19, 351.719, 113.759, 20, 283.384, 84.7539, 21, 238.107, 447.96, 22, 370.123, 72.5684, 25, 290.422, 391.765, 28, 279.422, 53.6454, 30, 50.241, 190.551, 31, 108.46, 249.12, 32, 5.58604, 409.874, 33, 441.29, 322.533, 34, 43.641, 34.7966, 35, 127.816, 101.369, 36, 196.435, 15.0847, 38, 93.0159, 87.5616, 40, 35.0913, 153.121, 41, 253.109, 70.7289, 43, 107.975, 471.363, 44, 79.6595, 157.425, 47, 235.551, 151.21, 48, 190.562, 138.975, 51, 612.462, 294.058, 52, 295.951, 236.391, 53, 219.95, 298.248, 54, 140.096, 259.003, 55, 221.388, 328.507, 56, 137.617, 228.663, 57, 328.273, 271.554, 58, 606.134, 241.572, 59, 210.107, 173.248, 60, 268.314, 209.527, 61, 249.633, 314.905, 63, 97.3818, 346.106, 64, 390.898, 286.93, 65, 601.064, 139.311
193590.45872631901875, 5, 429.358, 174, 7, 414.84, 336.702, 8, 152.728, 414.294, 9, 69.1485, 478.025, 11, 435.401, 143.01, 12, 418.73, 302.137, 13, 278.091, 363.194, 15, 64.6789, 348.034, 16, 331.681, 304.152, 17, 353.125, 146, 19, 352.12, 115.013, 20, 283.692, 86.0122, 21, 238.253, 449.669, 22, 370.537, 73.8668, 25, 290.673, 393.367, 28, 279.75, 54.8677, 30, 50.1074, 191.751, 31, 108.36, 250.407, 32, 5.00019, 411.45, 33, 441.771, 324.035, 34, 43.6716, 35.7325, 35, 128.033, 102.464, 36, 196.685, 16.1747, 38, 93.0277, 88.6142, 40, 34.8741, 154.17, 41, 253.403, 71.8867, 43, 107.548, 473.21, 44, 79.5979, 158.497, 47, 235.707, 152.433, 48, 190.755, 140.148, 51, 612.975, 295.585, 52, 296.199, 237.679, 53, 220.079, 299.627, 54, 140.09, 260.271, 55, 221.458, 329.931, 56, 137.624, 229.934, 57, 328.544, 273.019, 58, 606.182, 243.01, 59, 210.312, 174.406, 60, 268.508, 210.8, 61, 249.797, 316.333, 63, 97.2128, 347.563, 64, 391.382, 288.387, 65, 601.263, 140.74
193590.49204265201115, 5, 429.336, 173.918, 7, 415.022, 336.747, 8, 152.5, 414.657, 9, 68.6704, 478.598, 11, 435.359, 142.836, 12, 418.834, 302.207, 13, 277.966, 363.363, 15, 64.0569, 348.362, 16, 331.788, 304.244, 17, 353.046, 145.851, 19, 352.025, 114.838, 20, 283.39, 85.6899, 21, 238.147, 449.846, 22, 370.445, 73.6935, 25, 290.62, 393.488, 28, 279.45, 54.5069, 30, 49.2212, 191.775, 31, 107.713, 250.51, 32, 4.32291, 411.98, 33, 441.862, 324.058, 34, 42.6396, 35.3003, 35, 127.248, 102.216, 36, 196.16, 15.7519, 38, 92.2077, 88.2994, 40, 33.8728, 154.047, 41, 253.058, 71.6522, 43, 107.247, 473.674, 44, 78.7973, 158.396, 47, 235.468, 152.284, 48, 190.28, 140.009, 51, 612.822, 295.486, 52, 296.072, 237.674, 53, 219.799, 299.791, 54, 139.609, 260.403, 55, 221.294, 330.133, 56, 137.087, 229.982, 57, 328.639, 273.075, 58, 605.934, 242.86, 59, 209.964, 174.361, 60, 268.282, 210.76, 61, 249.626, 316.431, 63, 96.6911, 347.859, 64, 391.497, 288.463, 65, 600.927, 140.635
193590.52550892802537, 5, 431.195, 173.269, 7, 416.764, 336.328, 8, 154.075, 413.937, 9, 70.4587, 477.746, 11, 437.219, 142.178, 12, 420.656, 301.741, 15, 65.709, 347.577, 17, 354.85, 145.182, 19, 353.864, 114.216, 20, 285.048, 84.8749, 21, 239.693, 449.129, 22, 372.252, 72.8985, 28, 281.042, 53.5833, 30, 50.846, 191.067, 31, 109.374, 249.817, 32, 6.0595, 411.235, 33, 443.659, 323.59, 34, 44.1251, 34.2802, 35, 128.826, 101.44, 36, 197.65, 14.7497, 38, 93.7846, 87.4342, 40, 35.4117, 153.281, 41, 254.719, 70.8147, 43, 108.952, 472.794, 44, 80.3699, 157.607, 47, 237.069, 151.539, 48, 191.818, 139.259, 51, 614.83, 295.15, 52, 297.681, 237.132, 53, 221.472, 299.111, 54, 141.19, 259.713, 55, 222.869, 329.471, 56, 138.653, 229.25, 57, 330.394, 272.54, 58, 607.917, 242.41, 59, 211.508, 173.637, 60, 269.901, 210.128, 63, 98.3086, 347.162, 64, 393.256, 287.939, 65, 602.66, 140.165
193590.55882528601796, 5, 434.909, 172.936, 7, 420.18, 336.038, 8, 157.518, 412.76, 9, 74.0602, 475.94, 11, 440.966, 141.778, 12, 424.17, 301.554, 15, 69.5301, 346.281, 17, 358.471, 144.643, 19, 357.556, 113.587, 20, 288.695, 84.2636, 21, 242.693, 448.206, 22, 376.161, 72.299, 28, 284.759, 52.9597, 30, 54.938, 190.16, 31, 113.14, 248.857, 32, 10.0319, 409.669, 33, 447.109, 323.47, 34, 48.2171, 33.5322, 35, 132.68, 100.667, 36, 201.531, 13.9897, 38, 97.8488, 86.7097, 40, 39.6183, 152.443, 41, 258.331, 70.1716, 43, 112.482, 471.263, 44, 84.4118, 156.8, 47, 240.625, 150.905, 48, 195.46, 138.521, 51, 618.854, 295.388, 52, 301.049, 236.558, 53, 224.775, 298.372, 54, 144.747, 258.847, 55, 226.2, 328.665, 56, 142.242, 228.38, 57, 333.822, 272.083, 58, 611.887, 242.499, 59, 215.081, 173.004, 60, 273.412, 209.559, 63, 101.927, 345.922, 64, 396.8, 287.638, 65, 607.186, 139.831
193590.59214162401622, 5, 436.791, 173.778, 7, 422.351, 337.023, 8, 159.48, 413.691, 9, 76.1772, 476.9, 11, 442.876, 142.674, 12, 426.285, 302.526, 15, 71.5866, 347.244, 17, 360.397, 145.615, 19, 359.489, 114.63, 20, 290.484, 85.216, 21, 244.625, 449.158, 22, 378.004, 73.207, 28, 286.61, 53.9023, 30, 57.1486, 191.169, 31, 115.151, 249.877, 32, 12.3034, 410.657, 33, 449.209, 324.399, 34, 50.2982, 34.7498, 35, 134.757, 101.852, 36, 203.418, 15.2548, 38, 99.9607, 87.9601, 40, 41.8376, 153.56, 41, 260.259, 71.172, 43, 114.495, 472.273, 44, 86.4538, 157.991, 47, 242.559, 151.887, 48, 197.327, 139.599, 51, 621.197, 296.258, 52, 302.923, 237.477, 53, 226.744, 299.273, 54, 146.768, 259.814, 55, 228.142, 329.595, 56, 144.251, 229.374, 57, 335.767, 273.064, 58, 614.339, 243.227, 59, 217.05, 173.964, 60, 275.26, 210.52, 63, 103.965, 346.875, 64, 398.906, 288.578, 65, 609.58, 140.412
193590.62545798602514, 5, 441.394, 176.742, 7, 426.598, 340.142, 8, 163.525, 415.679, 9, 80.4836, 478.562, 11, 447.405, 145.696, 12, 430.675, 305.647, 15, 76.4948, 348.878, 17, 365.044, 148.558, 19, 364.1, 117.668, 20, 295.352, 88.2756, 21, 248.33, 451.607, 22, 382.64, 76.2958, 28, 291.546, 56.9923, 30, 62.914, 193.486, 31, 120.207, 251.884, 32, 17.1782, 412.12, 33, 453.618, 327.542, 34, 56.9237, 38.0184, 35, 140.397, 104.682, 36, 209.009, 18.6945, 38, 106.144, 90.9751, 39, 5.32599, 128.115, 40, 47.8347, 156.052, 41, 265.348, 74.1624, 43, 118.445, 474.021, 44, 92.1711, 160.607, 47, 247.294, 154.705, 48, 202.301, 142.306, 51, 626.088, 299.823, 52, 307.217, 240.037, 53, 230.954, 301.533, 54, 151.595, 261.961, 55, 232.413, 331.882, 56, 149.148, 231.516, 57, 340.083, 275.715, 58, 619.774, 246.486, 59, 221.868, 176.64, 60, 279.686, 213.035, 63, 108.542, 348.581, 64, 403.353, 291.575, 65, 614.669, 143.549
193590.65877429000102, 5, 446.977, 181.252, 7, 431.869, 344.755, 8, 168.298, 418.875, 11, 453.047, 150.318, 12, 436.109, 310.298, 15, 82.2583, 351.522, 17, 370.733, 152.991, 19, 369.849, 122.195, 20, 301.341, 92.7895, 21, 252.635, 455.497, 22, 388.569, 81.1827, 28, 297.648, 61.7757, 30, 70.2092, 196.928, 31, 126.471, 255.144, 32, 22.8465, 414.444, 33, 458.927, 332.271, 34, 65.3836, 42.8741, 35, 147.529, 108.993, 36, 216.083, 23.8011, 38, 113.798, 95.4637, 39, 13.6312, 131.832, 40, 55.6154, 159.725, 41, 271.603, 78.8283, 44, 99.2638, 164.428, 47, 253.256, 158.861, 48, 208.522, 146.447, 51, 633.363, 305.203, 52, 312.469, 243.891, 53, 236.171, 305.009, 54, 157.415, 265.267, 55, 237.509, 335.415, 56, 155.098, 234.888, 57, 345.288, 279.801, 58, 626.17, 251.703, 59, 227.912, 180.629, 60, 285.202, 217.029, 63, 114.055, 351.389, 64, 408.691, 296.005, 65, 621.25, 148.481
193590.69209065200994, 5, 451.493, 184.663, 7, 436.328, 348.325, 8, 172.235, 421.465, 11, 457.579, 153.846, 12, 440.565, 313.889, 15, 86.9742, 353.632, 17, 375.324, 156.42, 19, 374.525, 125.717, 20, 306.214, 96.3986, 21, 256.348, 458.58, 22, 393.28, 84.8848, 28, 302.546, 65.4429, 30, 75.963, 199.62, 31, 131.375, 257.695, 32, 27.485, 416.352, 33, 463.393, 336.011, 34, 71.9701, 46.7419, 35, 153.05, 112.252, 36, 221.57, 27.7576, 38, 119.866, 98.872, 39, 20.2224, 134.765, 40, 61.4955, 162.613, 41, 276.604, 82.4753, 44, 104.759, 167.352, 47, 257.937, 162.009, 48, 213.484, 149.64, 51, 638.219, 309.625, 52, 316.774, 247.044, 53, 240.431, 307.813, 54, 162.143, 267.952, 55, 241.605, 338.255, 56, 159.944, 237.55, 57, 349.543, 283.107, 58, 631.269, 255.736, 59, 232.741, 183.746, 60, 289.696, 220.128, 63, 118.461, 353.643, 64, 413.217, 299.497, 65, 625.57, 152.393
193590.72540696201031, 5, 457.664, 187.036, 7, 442.221, 351.022, 8, 177.72, 422.616, 11, 463.874, 156.258, 12, 446.593, 316.529, 15, 93.4361, 354.375, 17, 381.517, 158.689, 19, 380.774, 127.994, 20, 312.5, 98.7476, 21, 261.314, 460.317, 22, 399.663, 87.309, 28, 308.899, 67.8458, 30, 83.3471, 201.196, 31, 138.022, 259.042, 32, 34.1758, 416.625, 33, 469.305, 338.738, 34, 80.4083, 49.3929, 35, 160.175, 114.41, 36, 228.594, 30.4516, 38, 127.528, 101.171, 39, 28.7899, 136.598, 40, 69.3172, 164.418, 41, 283.191, 84.7668, 44, 112.149, 169.16, 47, 264.224, 164.085, 48, 219.952, 151.664, 52, 322.547, 249.085, 53, 246.218, 309.405, 54, 168.406, 269.327, 55, 247.257, 339.846, 56, 166.368, 239.048, 57, 355.381, 285.227, 59, 239.111, 185.765, 60, 295.576, 222.086, 63, 124.593, 354.54, 64, 419.226, 301.865, 65, 633.075, 155.183
193590.75872331901337, 5, 461.574, 187.658, 7, 445.557, 351.735, 8, 180.613, 422.168, 11, 467.903, 156.917, 12, 450.068, 317.311, 15, 96.8895, 353.414, 17, 385.366, 159.021, 19, 384.76, 128.307, 20, 316.515, 98.9163, 21, 263.882, 460.183, 22, 403.882, 87.7618, 28, 312.987, 68.1231, 30, 87.5242, 200.569, 31, 141.745, 258.527, 32, 37.6225, 415.291, 33, 472.609, 339.627, 34, 85.262, 49.2259, 35, 164.44, 114.257, 36, 233.077, 30.442, 38, 131.958, 100.96, 39, 33.5124, 135.932, 40, 73.7157, 163.893, 41, 287.299, 84.9847, 44, 116.271, 168.66, 47, 267.986, 164.062, 48, 223.781, 151.618, 52, 325.902, 249.26, 53, 249.429, 309.196, 54, 171.895, 268.927, 55, 250.393, 339.701, 56, 169.952, 238.626, 57, 358.694, 285.563, 59, 242.857, 185.696, 60, 299.084, 222.193, 63, 127.907, 353.76, 64, 422.698, 302.502
193590.79203965200577, 5, 465.868, 183.531, 7, 449.091, 347.848, 8, 184.386, 416.812, 9, 101.839, 478.478, 11, 472.17, 152.709, 12, 453.794, 313.375, 15, 101.116, 348.168, 17, 389.361, 154.657, 19, 388.98, 123.839, 20, 320.431, 94.1346, 21, 267.072, 455.082, 22, 408.313, 83.0772, 28, 317.059, 63.201, 30, 91.4587, 195.853, 31, 145.546, 253.774, 32, 42.3912, 409.654, 33, 476.225, 335.799, 34, 88.9326, 43.9997, 35, 168.189, 109.462, 36, 236.737, 25.2552, 38, 135.729, 95.9875, 39, 37.438, 130.96, 40, 77.5799, 159.073, 41, 291.147, 80.0934, 44, 120.045, 163.901, 47, 271.713, 159.536, 48, 227.544, 147.028, 52, 329.469, 245.022, 53, 252.913, 304.615, 54, 175.753, 264.359, 55, 253.969, 335.13, 56, 173.656, 233.994, 57, 362.352, 281.512, 59, 246.482, 181.208, 60, 302.708, 217.951, 63, 131.687, 348.624, 64, 426.38, 298.656
193590.8253559860168, 5, 473.287, 177.975, 7, 455.901, 342.795, 8, 191.603, 410.495, 9, 110.366, 471.021, 11, 479.837, 147.01, 12, 460.692, 308.351, 15, 109.013, 342.138, 17, 396.352, 148.859, 19, 396.03, 117.948, 20, 327.128, 88.3061, 21, 273.569, 448.715, 22, 415.598, 76.7133, 28, 323.767, 57.1628, 30, 98.8286, 190.636, 31, 152.737, 248.352, 32, 51.4681, 402.893, 33, 483.216, 330.864, 34, 95.8079, 38.4465, 35, 174.891, 103.955, 36, 243.103, 19.1736, 38, 142.491, 90.5353, 39, 45.157, 125.802, 40, 84.8834, 153.904, 41, 297.682, 74.1748, 44, 127.14, 158.72, 47, 278.276, 154.139, 48, 234.04, 141.584, 53, 259.54, 299.161, 54, 182.759, 258.963, 55, 260.826, 329.514, 56, 180.566, 228.661, 57, 368.944, 276.358, 59, 253.058, 175.822, 60, 309.27, 212.734, 63, 139.04, 342.641, 64, 433.227, 293.549
193590.8586723190092, 5, 483.485, 172.322, 7, 464.91, 337.793, 8, 200.568, 403.113, 9, 120.426, 461.861, 11, 490.276, 141.363, 12, 470.002, 303.467, 15, 119.136, 334.5, 17, 405.953, 142.865, 19, 406.011, 111.831, 20, 336.665, 81.7672, 21, 281.534, 441.708, 22, 426.073, 70.0201, 28, 333.762, 50.4743, 30, 108.987, 184.282, 31, 162.507, 241.737, 32, 62.7781, 394.48, 33, 492.343, 326.257, 34, 105.862, 32.0616, 35, 184.52, 97.7107, 36, 252.622, 12.2157, 38, 152.543, 84.1272, 39, 56.1137, 119.315, 40, 95.2179, 147.65, 41, 307.24, 67.6338, 44, 136.912, 152.486, 47, 287.492, 148.039, 48, 243.312, 135.485, 53, 268.19, 292.848, 54, 192.022, 252.653, 55, 269.581, 323.136, 56, 189.973, 222.277, 57, 377.718, 270.93, 59, 262.028, 169.882, 60, 318.186, 206.98, 63, 148.393, 335.366, 64, 442.428, 288.456
193590.89213859502343, 5, 492.294, 166.108, 7, 472.465, 332.194, 8, 207.797, 395.216, 9, 128.794, 452.33, 11, 499.588, 134.853, 12, 477.855, 297.932, 15, 127.642, 326.482, 17, 414.449, 136.013, 19, 414.747, 104.797, 20, 345.075, 74.3562, 21, 288.158, 433.974, 22, 435.723, 62.3175, 28, 342.211, 42.907, 30, 117.437, 177.02, 31, 170.516, 234.461, 32, 72.2324, 385.382, 33, 499.865, 320.8, 34, 114.308, 24.4152, 35, 192.518, 90.2865, 36, 260.432, 4.52574, 38, 160.764, 76.5513, 39, 65.1021, 111.83, 40, 103.807, 140.24, 41, 315.425, 60.1551, 44, 145.021, 145.178, 47, 295.425, 141.084, 48, 251.223, 128.297, 53, 275.429, 285.983, 54, 199.779, 245.55, 55, 276.818, 316.326, 56, 197.53, 215.222, 57, 385.183, 264.717, 59, 269.963, 162.895, 60, 325.635, 200.379, 63, 156.362, 327.584, 64, 450.491, 282.531
193590.92545495202648, 5, 497.411, 162.047, 7, 476.274, 328.52, 8, 211.072, 389.962, 9, 132.33, 446.236, 11, 504.979, 130.721, 12, 482.023, 294.374, 15, 131.452, 320.9, 17, 419.331, 131.518, 19, 419.763, 100.086, 20, 349.842, 69.3207, 21, 290.92, 429.142, 22, 441.27, 57.2689, 28, 347.199, 37.6411, 30, 121.514, 171.536, 31, 174.423, 229.289, 32, 76.2942, 379.238, 33, 503.8, 317.373, 34, 118.65, 18.3952, 35, 196.858, 84.7002, 38, 165.128, 70.8771, 39, 69.4751, 106.125, 40, 108.06, 134.59, 41, 320.225, 54.9773, 44, 149.207, 139.728, 47, 299.73, 136.185, 48, 255.522, 123.167, 53, 279.067, 281.354, 54, 203.566, 240.504, 55, 280.306, 311.768, 56, 201.386, 210.19, 57, 389.151, 260.524, 59, 274.01, 158.05, 60, 329.547, 195.884, 63, 160.012, 322.17, 64, 454.608, 278.643
193590.95877131901216, 5, 503.195, 160.37, 7, 479.667, 327.035, 8, 213.074, 384.919, 9, 133.839, 439.759, 11, 511.371, 129.015, 12, 485.869, 292.82, 15, 134.487, 314.623, 17, 425.203, 128.581, 19, 426.134, 97.1278, 20, 356.291, 65.5293, 21, 292.17, 425.132, 22, 448.432, 54.3708, 28, 354.162, 33.6673, 30, 126.541, 165.196, 31, 178.57, 223.689, 32, 78.7756, 372.18, 33, 507.415, 316.253, 34, 125.473, 11.8041, 35, 202.899, 79.3107, 38, 171.307, 64.9951, 39, 75.3264, 99.1128, 40, 113.464, 128.19, 41, 326.821, 50.6804, 44, 154.379, 133.715, 47, 305.079, 131.923, 48, 260.916, 118.499, 53, 282.318, 277.174, 54, 207.651, 235.465, 55, 283.258, 307.672, 56, 205.672, 204.948, 57, 392.968, 257.823, 59, 279.052, 153.593, 60, 334.175, 192.3, 63, 162.902, 316.298, 64, 458.681, 276.727
193590.99208762400667, 5, 508.865, 151.587, 7, 482.615, 318.717, 8, 215.501, 373.885, 9, 136.17, 427.242, 11, 517.504, 120.298, 12, 489.351, 284.715, 15, 137.442, 302.788, 17, 430.55, 118.341, 19, 431.894, 87.0808, 20, 362.083, 54.2231, 21, 293.513, 414.518, 22, 455.484, 43.7009, 28, 359.959, 22.6581, 30, 130.055, 153.171, 31, 181.96, 212.37, 32, 81.7032, 360.089, 33, 510.527, 308.424, 35, 207.382, 67.1081, 38, 175.466, 52.1276, 39, 78.8064, 85.966, 40, 117.254, 115.623, 41, 332.265, 39.1339, 44, 158.07, 121.464, 47, 309.557, 121.145, 48, 265.381, 107.284, 53, 285.101, 267.054, 54, 211.096, 224.77, 55, 286.031, 297.558, 56, 209.037, 194.102, 57, 396.529, 249.032, 59, 283.191, 142.698, 60, 338.016, 182.412, 63, 165.607, 304.785, 64, 462.309, 268.404, 66, 339, 335, 67, 322, 443, 68, 65, 189, 69, 367, 231, 70, 409, 452, 71, 459, 299, 72, 447, 473, 73, 171, 425, 74, 91, 232, 75, 215, 328, 76, 346, 366, 77, 287, 444, 78, 399, 280, 79, 378, 379, 80, 29, 358
193591.02540398601559, 5, 511.935, 141.18, 7, 483.192, 308.857, 8, 215.449, 361.877, 9, 136.392, 414.01, 11, 521.257, 109.469, 12, 490.342, 274.728, 15, 137.685, 290.4, 17, 433.482, 106.897, 19, 435.217, 75.1105, 20, 364.939, 41.2345, 21, 292.858, 402.561, 22, 459.929, 30.5116, 28, 363.677, 7.4009, 30, 130.527, 139.587, 31, 182.473, 199.931, 32, 82.072, 346.731, 33, 511.164, 298.821, 35, 208.449, 52.7735, 38, 176.268, 37.4105, 39, 78.7162, 71.3468, 40, 117.496, 101.492, 41, 334.975, 25.6756, 44, 158.75, 107.802, 47, 311.483, 108.517, 48, 266.989, 94.153, 53, 285.676, 255.715, 54, 211.555, 212.405, 55, 286.462, 286.468, 56, 209.75, 181.62, 57, 397.696, 238.236, 59, 284.715, 130.164, 60, 339.387, 170.947, 63, 165.939, 292.44, 64, 463.482, 258.209, 66, 338.964, 324.065, 67, 321.256, 430.954, 68, 64.8906, 175.464, 69, 368.437, 219.94, 70, 407.587, 440.612, 71, 459.644, 288.95, 72, 445.15, 462.174, 73, 170.922, 412.128, 74, 91.1554, 219.081, 75, 215.084, 316.022, 76, 345.757, 354.917, 77, 286.273, 431.831, 78, 399.784, 269.51, 79, 377.776, 367.627, 80, 29.3796, 344.149
