time, p1id, p1x, p1y, p1z, ...
-1, 
193588.89225865300978, 1, 0.814285, 0.0512019, 0.0275058, 2, 2.7112, 2.22017, 0.0452272, 3, 0.810146, 0.191568, -0.113503, 4, 0.803747, 0.313148, 0.0178349, 5, 0.73733, -0.178646, 0.112782, 6, 0.807415, 0.182091, 0.152383, 7, 0.69163, -0.121357, -0.134002, 8, 0.744178, 0.307152, -0.236232, 9, 2.69384, 1.79918, -1.32556, 10, 0.82643, 0.129565, -0.0631973, 11, 0.725723, -0.193057, 0.159952, 12, 0.708361, -0.134475, -0.085587, 13, 0.797164, 0.09932, -0.178946, 14, 3.10571, 0.59173, -1.51032, 15, 0.737946, 0.439867, -0.112701, 16, 0.725931, 0.000788122, -0.0761169, 17, 0.758707, -0.0602134, 0.169773, 18, 3.0118, 0.819027, -1.58952, 19, 0.752529, -0.0648037, 0.219234, 20, 0.794059, 0.0421707, 0.291796, 21, 0.758384, 0.176815, -0.315588, 22, 3.26728, -0.434771, 1.22835, 23, 0.736261, 0.00221569, -0.0293733, 24, 0.838555, 0.0966651, 0.0620506, 25, 0.764989, 0.080103, -0.224102, 26, 2.54767, 1.66005, 1.75715, 27, 2.49256, 2.25551, -0.973471, 28, 3.22073, 0.200602, 1.39726, 29, 3.03199, -0.399882, -1.71264, 30, 0.730645, 0.431589, 0.14299, 31, 0.785464, 0.363248, 0.0406289, 32, 0.652833, 0.512777, -0.196967, 33, 0.792154, -0.189342, -0.140669, 34, 2.68599, 1.6539, 1.5433, 35, 0.762857, 0.300533, 0.283318, 36, 3.0106, 0.725093, 1.66414, 37, 2.68101, 2.23818, 0.300758, 38, 0.72006, 0.339311, 0.300939, 39, 2.69094, 2.0246, 0.984954, 40, 0.720781, 0.44902, 0.207238, 41, 3.24476, 0.402364, 1.29214, 42, 0.807274, 0.233366, -0.0491413, 43, 2.81142, 1.58722, -1.35402, 44, 0.739461, 0.37986, 0.191375, 45, 0.823891, 0.133704, -0.11744, 46, 3.08572, -0.0383487, -1.66119, 47, 0.800948, 0.135418, 0.182805, 48, 0.799113, 0.209433, 0.212573, 49, 2.55046, 2.39825, 0.144977, 50, 2.5718, 2.06188, 1.20296
193588.92557498600218, 1, 0.812223, 0.0510885, 0.0419825, 2, 2.71182, 2.22342, 0.122667, 3, 0.81093, 0.193409, -0.0970481, 4, 0.801537, 0.312698, 0.0358189, 5, 0.734792, -0.180048, 0.122718, 6, 0.804264, 0.180265, 0.168631, 7, 0.692153, -0.119197, -0.123748, 8, 0.748127, 0.310988, -0.219559, 9, 2.74941, 1.84271, -1.27003, 10, 0.827068, 0.130839, -0.0473634, 11, 0.722973, -0.19531, 0.169524, 12, 0.711489, -0.133561, -0.0757861, 13, 0.797402, 0.10185, -0.163518, 14, 3.17861, 0.625365, -1.47078, 15, 0.738001, 0.440909, -0.0938366, 16, 0.725812, 0.00199731, -0.0637726, 17, 0.755607, -0.0623588, 0.181849, 18, 3.08092, 0.856053, -1.54787, 19, 0.748596, -0.0677164, 0.23107, 20, 0.788123, 0.0382371, 0.30563, 21, 0.762167, 0.181124, -0.299912, 22, 3.26899, -0.452336, 1.28695, 23, 0.735921, 0.00285291, -0.0168458, 24, 0.836439, 0.0961149, 0.0776162, 25, 0.767897, 0.0834051, -0.209904, 26, 2.47281, 1.60817, 1.79122, 27, 2.53211, 2.29226, -0.907878, 28, 3.20032, 0.184422, 1.45662, 29, 3.06729, -0.374534, -1.66956, 30, 0.726319, 0.429035, 0.161108, 31, 0.782835, 0.362371, 0.0589466, 32, 0.657457, 0.517097, -0.179357, 33, 0.791544, -0.186636, -0.129407, 34, 2.61739, 1.60851, 1.58663, 35, 0.758478, 0.297271, 0.300792, 36, 2.97311, 0.702032, 1.72065, 37, 2.66111, 2.22382, 0.375702, 38, 0.714809, 0.335422, 0.318008, 39, 2.65046, 1.99498, 1.04992, 40, 0.714383, 0.444723, 0.224952, 41, 3.23297, 0.388439, 1.35773, 42, 0.805683, 0.233838, -0.0320697, 43, 2.88192, 1.63612, -1.30552, 44, 0.73545, 0.377345, 0.209085, 45, 0.82546, 0.135767, -0.10157, 46, 3.14244, -0.0128068, -1.62344, 47, 0.796723, 0.133063, 0.198164, 48, 0.793707, 0.206429, 0.228639, 49, 2.53898, 2.38988, 0.221209, 50, 2.50064, 2.00607, 1.25005
193588.95889128601993, 1, 0.81306, 0.0523621, 0.0311986, 2, 2.79547, 2.29352, 0.0181945, 3, 0.808673, 0.18963, -0.112332, 4, 0.802181, 0.313693, 0.0163932, 5, 0.735326, -0.175991, 0.120367, 6, 0.807411, 0.185945, 0.15376, 7, 0.69055, -0.123529, -0.12744, 8, 0.745979, 0.303476, -0.23833, 9, 2.24078, 1.4706, -1.11173, 10, 0.826735, 0.129061, -0.0609593, 11, 0.724758, -0.189846, 0.167866, 12, 0.711143, -0.13642, -0.0793543, 13, 0.796107, 0.0962262, -0.175895, 14, 2.04631, 0.368601, -0.980977, 15, 0.737141, 0.437558, -0.116835, 16, 0.72446, -0.000359509, -0.071851, 17, 0.757408, -0.0564894, 0.17538, 18, 1.77292, 0.46004, -0.923273, 19, 0.750959, -0.0602117, 0.224796, 20, 0.792125, 0.0482377, 0.29561, 21, 0.759706, 0.171068, -0.314753, 22, 2.00463, -0.252893, 0.77566, 23, 0.737338, 0.00207355, -0.0252298, 24, 0.836706, 0.098435, 0.0650246, 25, 0.764533, 0.0760496, -0.22089, 26, 2.34271, 1.56473, 1.6055, 27, 2.35092, 2.10492, -0.941875, 28, 1.92081, 0.135064, 0.847633, 29, 2.3118, -0.328377, -1.27693, 30, 0.729341, 0.434748, 0.138788, 31, 0.782634, 0.363562, 0.0380493, 32, 0.654426, 0.509653, -0.203546, 33, 0.78732, -0.190546, -0.131476, 34, 2.47464, 1.55745, 1.41072, 35, 0.762313, 0.307133, 0.282398, 36, 2.17122, 0.547268, 1.2083, 37, 2.82647, 2.37045, 0.287009, 38, 0.719157, 0.346002, 0.298934, 39, 2.82389, 2.15209, 1.00989, 40, 0.717788, 0.452348, 0.202187, 41, 0.945431, 0.118382, 0.387022, 42, 0.80428, 0.232187, -0.048773, 43, 2.17413, 1.20276, -1.05028, 44, 0.738386, 0.384223, 0.188264, 45, 0.82337, 0.13201, -0.115109, 46, 2.18432, -0.0498755, -1.1525, 47, 0.798349, 0.139295, 0.1846, 48, 0.797098, 0.214029, 0.212981, 49, 2.90123, 2.73612, 0.126778, 50, 2.49855, 2.03226, 1.14612
193588.99220762401819, 1, 0.813732, 0.0519817, 0.0278319, 2, 2.75751, 2.26072, 0.0514991, 3, 0.807891, 0.192254, -0.112692, 4, 0.803768, 0.314129, 0.0186921, 5, 0.735937, -0.178401, 0.112504, 7, 0.688229, -0.120377, -0.133568, 8, 0.746098, 0.309405, -0.236401, 9, 1.52931, 1.01709, -0.74127, 10, 0.826243, 0.130589, -0.0627343, 11, 0.725472, -0.19325, 0.159707, 12, 0.709845, -0.134392, -0.0861205, 13, 0.795155, 0.100228, -0.178226, 14, 1.0801, 0.200734, -0.511982, 15, 0.738374, 0.441351, -0.111816, 16, 0.724073, 0.00138431, -0.0758874, 17, 0.758591, -0.0600789, 0.170019, 18, 1.00753, 0.268052, -0.517716, 19, 0.751909, -0.0648438, 0.219246, 20, 0.794321, 0.0421189, 0.2924, 21, 0.757605, 0.17794, -0.315139, 22, 1.12839, -0.154867, 0.430326, 23, 0.738254, 0.00284695, -0.0293388, 25, 0.762695, 0.0809338, -0.223286, 26, 2.28087, 1.4829, 1.57618, 27, 2.26257, 2.04793, -0.876176, 28, 0.964651, 0.0534338, 0.42483, 29, 1.32904, -0.176797, -0.739323, 30, 0.732357, 0.433228, 0.144422, 31, 0.782784, 0.362865, 0.0415266, 32, 0.655393, 0.515723, -0.196873, 33, 0.785284, -0.187243, -0.139696, 34, 2.20447, 1.3538, 1.27014, 35, 0.764327, 0.301385, 0.284861, 36, 1.50569, 0.356665, 0.836976, 37, 2.93118, 2.45011, 0.333399, 38, 0.720906, 0.339678, 0.302311, 39, 2.91153, 2.19173, 1.06975, 40, 0.720012, 0.448745, 0.208145, 41, 0.777169, 0.0883937, 0.316737, 42, 0.803907, 0.233391, -0.048231, 43, 1.40788, 0.789835, -0.666017, 44, 0.740927, 0.381101, 0.192724, 45, 0.823828, 0.13492, -0.116975, 46, 1.24994, -0.0183645, -0.660491, 47, 0.799419, 0.13557, 0.18315, 48, 0.798357, 0.209669, 0.213137, 49, 3.32453, 3.13228, 0.192113, 50, 2.96319, 2.37672, 1.38855
193589.02552398602711, 1, 0.81134, 0.0523629, 0.0376119, 2, 2.50173, 2.051, 0.0370929, 3, 0.808729, 0.189485, -0.105824, 4, 0.803938, 0.314536, 0.0226848, 5, 0.734065, -0.175975, 0.126199, 7, 0.689867, -0.123444, -0.121587, 8, 0.749846, 0.304198, -0.233198, 9, 1.11449, 0.719793, -0.532322, 10, 0.826413, 0.128999, -0.0543163, 11, 0.723365, -0.189864, 0.173619, 12, 0.710316, -0.136307, -0.0735124, 13, 0.797573, 0.0962379, -0.169599, 14, 0.746376, 0.126318, -0.338582, 15, 0.740489, 0.43895, -0.111587, 16, 0.724716, -0.000426202, -0.0660944, 17, 0.756962, -0.0565216, 0.181629, 18, 0.744586, 0.1849, -0.369059, 19, 0.74887, -0.0601757, 0.230643, 20, 0.790545, 0.0484044, 0.302115, 21, 0.76227, 0.170932, -0.308862, 22, 0.750761, -0.100125, 0.303111, 23, 0.738766, 0.00207009, -0.0194326, 25, 0.765496, 0.0758726, -0.214604, 26, 2.22246, 1.49204, 1.54778, 27, 2.14902, 1.9155, -0.839696, 28, 0.746836, 0.0464136, 0.341791, 29, 1.05498, -0.153669, -0.560955, 30, 0.731645, 0.436789, 0.144931, 31, 0.782015, 0.363444, 0.0441264, 32, 0.65794, 0.510784, -0.199223, 33, 0.787423, -0.190449, -0.125002, 34, 2.22538, 1.40583, 1.29143, 35, 0.761568, 0.307778, 0.288795, 36, 0.902845, 0.221507, 0.51584, 37, 3.17931, 2.6712, 0.346006, 38, 0.717224, 0.346128, 0.304536, 39, 3.25331, 2.48977, 1.18988, 40, 0.717469, 0.45307, 0.207935, 41, 0.765544, 0.0941553, 0.322075, 42, 0.804385, 0.232151, -0.0424389, 43, 0.845729, 0.456193, -0.388807, 44, 0.73877, 0.385244, 0.194353, 45, 0.824699, 0.132133, -0.108629, 46, 0.901892, -0.0262349, -0.455095, 47, 0.796322, 0.139333, 0.190741, 48, 0.795362, 0.21414, 0.219184, 49, 4.34765, 4.11055, 0.216743, 50, 3.80774, 3.11785, 1.77668
193589.05884031901951, 1, 0.81379, 0.0523726, 0.0330482, 2, 1.53112, 1.24719, 0.0335247, 3, 0.807467, 0.191015, -0.108645, 4, 0.804447, 0.31474, 0.0214251, 5, 0.73506, -0.177404, 0.119205, 7, 0.688828, -0.121691, -0.127655, 8, 0.748223, 0.307416, -0.234266, 9, 0.824356, 0.534564, -0.388917, 10, 0.826647, 0.130121, -0.0581242, 11, 0.723432, -0.191607, 0.166253, 12, 0.708855, -0.135017, -0.0797962, 13, 0.796808, 0.0987292, -0.173707, 14, 0.736636, 0.129453, -0.338308, 15, 0.740126, 0.440875, -0.110949, 16, 0.723894, 0.000649896, -0.0708165, 17, 0.759298, -0.0586556, 0.176227, 18, 0.723811, 0.18485, -0.361998, 19, 0.750148, -0.062852, 0.224927, 20, 0.792352, 0.0448367, 0.29751, 21, 0.760161, 0.175122, -0.311703, 22, 0.748274, -0.103136, 0.295166, 23, 0.739456, 0.00260854, -0.0242816, 25, 0.766896, 0.0792047, -0.219561, 26, 1.66741, 1.09505, 1.15988, 27, 1.41406, 1.2636, -0.541191, 28, 0.775029, 0.0442491, 0.348887, 29, 0.935509, -0.131214, -0.505087, 30, 0.732685, 0.435268, 0.145664, 31, 0.782393, 0.363225, 0.0436105, 32, 0.657102, 0.513911, -0.197258, 33, 0.787188, -0.188803, -0.132701, 34, 1.45617, 0.899659, 0.845756, 35, 0.763009, 0.304177, 0.287514, 36, 0.795815, 0.18734, 0.450981, 37, 2.01322, 1.68022, 0.231429, 38, 0.718535, 0.34213, 0.303895, 39, 2.21756, 1.67673, 0.818604, 40, 0.720015, 0.451436, 0.209276, 41, 0.768612, 0.0905578, 0.318662, 42, 0.804287, 0.233073, -0.0447693, 43, 0.720998, 0.392054, -0.329692, 44, 0.740348, 0.383201, 0.194464, 45, 0.824571, 0.133947, -0.112436, 46, 0.862446, -0.0198348, -0.441871, 47, 0.797563, 0.137218, 0.187313, 48, 0.796422, 0.211571, 0.216599, 49, 3.37686, 3.18448, 0.189398, 50, 3.19122, 2.58271, 1.49719
193589.09215661900816, 1, 0.815044, 0.0525111, 0.0294848, 2, 0.489422, 0.384278, 0.0171934, 3, 0.807343, 0.191284, -0.112217, 4, 0.805189, 0.315126, 0.0180463, 5, 0.734904, -0.177334, 0.115729, 7, 0.687869, -0.121586, -0.130761, 8, 0.747106, 0.307657, -0.237462, 9, 0.762138, 0.494376, -0.362196, 10, 0.826726, 0.13031, -0.0617724, 11, 0.724821, -0.191887, 0.163046, 12, 0.707716, -0.134857, -0.0829623, 13, 0.796834, 0.0990252, -0.17744, 14, 0.783479, 0.13921, -0.365275, 15, 0.740138, 0.441428, -0.11413, 16, 0.723534, 0.000714172, -0.0740709, 17, 0.758251, -0.0586383, 0.172439, 18, 0.753889, 0.193995, -0.382056, 19, 0.748684, -0.0628155, 0.220866, 20, 0.794807, 0.0447672, 0.294415, 21, 0.758807, 0.175396, -0.315126, 22, 0.762349, -0.104816, 0.296639, 23, 0.739937, 0.00266072, -0.0276135, 25, 0.768344, 0.0796956, -0.223764, 26, 0.877992, 0.56549, 0.607504, 27, 0.677359, 0.595325, -0.253569, 28, 0.803644, 0.0460793, 0.357272, 29, 0.831993, -0.117673, -0.452141, 30, 0.733232, 0.435218, 0.142664, 31, 0.782543, 0.36329, 0.0403399, 32, 0.655333, 0.513474, -0.199668, 33, 0.786262, -0.188668, -0.136298, 34, 0.77737, 0.470138, 0.449981, 35, 0.765096, 0.304401, 0.2846, 36, 0.810059, 0.190281, 0.454349, 37, 0.508454, 0.408121, 0.0648542, 38, 0.7205, 0.342296, 0.301166, 39, 0.697405, 0.512359, 0.260017, 40, 0.721254, 0.451605, 0.206442, 41, 0.768439, 0.0902299, 0.314713, 42, 0.804183, 0.233236, -0.0482284, 43, 0.748393, 0.408958, -0.34683, 44, 0.741242, 0.383171, 0.191426, 45, 0.823279, 0.133967, -0.115933, 46, 0.852275, -0.0193985, -0.441365, 47, 0.799542, 0.137389, 0.184113, 48, 0.798329, 0.211788, 0.21345, 49, 0.786998, 0.724779, 0.0502137, 50, 1.0828, 0.860525, 0.507426
193589.12562298600096, 1, 0.816635, 0.0526517, 0.02901, 2, 0.43865, 0.342158, 0.0161147, 3, 0.807246, 0.191151, -0.112885, 4, 0.805605, 0.315348, 0.0172638, 5, 0.736307, -0.17752, 0.11565, 7, 0.688249, -0.121873, -0.131086, 8, 0.746638, 0.307247, -0.238142, 9, 0.680109, 0.438947, -0.322283, 10, 0.827843, 0.130443, -0.062466, 11, 0.725944, -0.191994, 0.163, 12, 0.707929, -0.135046, -0.083231, 13, 0.797596, 0.0989201, -0.1782, 14, 0.788068, 0.139709, -0.368196, 15, 0.740251, 0.441478, -0.115106, 16, 0.724531, 0.000580401, -0.0745987, 17, 0.758052, -0.0584743, 0.171985, 18, 0.775434, 0.199542, -0.394271, 19, 0.748218, -0.0625844, 0.220291, 20, 0.795868, 0.0451187, 0.294214, 21, 0.758531, 0.174974, -0.315721, 22, 0.766165, -0.104957, 0.297645, 23, 0.740777, 0.00259773, -0.0280753, 25, 0.769851, 0.0795984, -0.224787, 26, 0.491418, 0.307794, 0.34138, 27, 0.468552, 0.404703, -0.170961, 28, 0.791928, 0.0455842, 0.351577, 29, 0.755132, -0.10822, -0.408938, 30, 0.733671, 0.435641, 0.141872, 31, 0.783144, 0.363646, 0.0395354, 32, 0.654723, 0.512931, -0.200547, 33, 0.78576, -0.188699, -0.136406, 34, 0.526991, 0.312585, 0.306322, 35, 0.764564, 0.304424, 0.283618, 36, 0.772377, 0.181164, 0.432765, 37, 0.392886, 0.310289, 0.0521501, 38, 0.719926, 0.342224, 0.300112, 39, 0.387256, 0.274888, 0.147564, 40, 0.722346, 0.452512, 0.205844, 41, 0.766386, 0.0902219, 0.313274, 42, 0.804463, 0.233294, -0.04895, 43, 0.72523, 0.395533, -0.336528, 44, 0.741309, 0.383379, 0.190614, 45, 0.822198, 0.133655, -0.116377, 46, 0.800119, -0.0193722, -0.413628, 47, 0.799946, 0.137621, 0.183586, 48, 0.798523, 0.212031, 0.212803, 49, 0.261198, 0.224164, 0.0240915, 50, 0.303286, 0.224582, 0.146671
193589.15893931902247, 2, 0.477211, 0.374509, 0.0160181, 3, 0.808225, 0.191095, -0.113023, 4, 0.804418, 0.314846, 0.0170223, 5, 0.737269, -0.177559, 0.116489, 7, 0.688867, -0.12231, -0.130599, 8, 0.746918, 0.306777, -0.238473, 9, 0.667301, 0.429736, -0.316383, 10, 0.828231, 0.130295, -0.0623403, 11, 0.728641, -0.192391, 0.164296, 12, 0.708877, -0.135437, -0.0827187, 13, 0.797913, 0.0985102, -0.178051, 14, 0.797033, 0.140641, -0.372375, 15, 0.740555, 0.441402, -0.115703, 16, 0.725027, 0.000338801, -0.0742871, 17, 0.757217, -0.0581569, 0.172292, 18, 0.785551, 0.201449, -0.399564, 19, 0.748717, -0.0622483, 0.220925, 20, 0.79592, 0.0456611, 0.29457, 21, 0.758991, 0.174329, -0.315842, 22, 0.78526, -0.106725, 0.305487, 23, 0.74162, 0.00247635, -0.0277548, 25, 0.771078, 0.0791945, -0.224903, 26, 0.48895, 0.307251, 0.339655, 27, 0.490007, 0.424236, -0.180158, 28, 0.817389, 0.0481525, 0.363005, 29, 0.731582, -0.105887, -0.394814, 30, 0.73339, 0.43579, 0.141339, 31, 0.783603, 0.363929, 0.0392115, 32, 0.654664, 0.512463, -0.201279, 33, 0.784686, -0.188751, -0.135397, 34, 0.543335, 0.323894, 0.315545, 35, 0.76282, 0.304264, 0.282833, 36, 0.775522, 0.182908, 0.434691, 37, 0.439336, 0.350125, 0.0566269, 38, 0.71962, 0.342716, 0.299741, 39, 0.446817, 0.321329, 0.168786, 40, 0.721742, 0.452599, 0.205183, 41, 0.769228, 0.0912289, 0.314673, 42, 0.805012, 0.233287, -0.0490593, 43, 0.722278, 0.393149, -0.335472, 44, 0.74038, 0.383276, 0.190025, 45, 0.822811, 0.133448, -0.116321, 46, 0.79586, -0.0201511, -0.410695, 47, 0.800912, 0.13812, 0.183929, 48, 0.798792, 0.212498, 0.212869, 49, 0.346992, 0.306458, 0.0278638, 50, 0.370962, 0.280781, 0.177772
193589.19225562401698, 2, 0.485709, 0.381752, 0.0157687, 3, 0.80924, 0.190766, -0.112311, 4, 0.804829, 0.314943, 0.0174471, 5, 0.73841, -0.177549, 0.118574, 7, 0.690147, -0.123015, -0.129142, 8, 0.747226, 0.305777, -0.238082, 9, 0.669669, 0.429921, -0.317509, 10, 0.828375, 0.129921, -0.0612534, 11, 0.728145, -0.191873, 0.16616, 12, 0.708918, -0.135795, -0.0809437, 13, 0.798754, 0.0978316, -0.177023, 14, 0.812402, 0.142104, -0.378519, 15, 0.739084, 0.439862, -0.115536, 16, 0.725804, -5.59531e-05, -0.0730373, 17, 0.756965, -0.0577177, 0.173827, 18, 0.79404, 0.202132, -0.402876, 19, 0.749541, -0.0617248, 0.222784, 20, 0.795366, 0.046493, 0.295816, 21, 0.759531, 0.17311, -0.314988, 22, 0.790626, -0.106495, 0.309453, 23, 0.742038, 0.00223649, -0.0264315, 25, 0.772384, 0.0784004, -0.224007, 26, 0.498099, 0.315139, 0.3464, 27, 0.495176, 0.428241, -0.182613, 28, 0.825293, 0.0498872, 0.368014, 29, 0.732065, -0.107143, -0.392878, 30, 0.732814, 0.435949, 0.141178, 31, 0.782983, 0.363655, 0.0394083, 32, 0.654637, 0.511439, -0.201685, 33, 0.783134, -0.188862, -0.132968, 34, 0.538721, 0.322514, 0.31332, 35, 0.762521, 0.305157, 0.283291, 36, 0.778059, 0.185126, 0.437336, 37, 0.455634, 0.364346, 0.0580169, 38, 0.718301, 0.343198, 0.299619, 39, 0.463318, 0.334965, 0.174672, 40, 0.720414, 0.452553, 0.204762, 41, 0.767748, 0.0920067, 0.315367, 42, 0.805701, 0.233158, -0.0484027, 43, 0.731076, 0.396613, -0.33946, 44, 0.739967, 0.38375, 0.1901, 45, 0.823707, 0.133017, -0.115359, 46, 0.793507, -0.021508, -0.407409, 47, 0.800377, 0.138526, 0.184866, 48, 0.798426, 0.213046, 0.21361, 49, 0.3629, 0.321958, 0.0282802, 50, 0.38953, 0.297088, 0.186349
193589.2255719860259, 2, 0.497661, 0.391639, 0.0166979, 5, 0.738892, -0.177467, 0.122037, 7, 0.691472, -0.123585, -0.126215, 8, 0.747935, 0.304767, -0.235895, 9, 0.681372, 0.435814, -0.32124, 11, 0.727655, -0.191471, 0.169498, 12, 0.709905, -0.136209, -0.0778559, 13, 0.799433, 0.0971483, -0.17413, 14, 0.823257, 0.142638, -0.380134, 15, 0.738227, 0.438474, -0.11367, 16, 0.726663, -0.00039864, -0.0702524, 17, 0.757584, -0.0574047, 0.177144, 18, 0.804929, 0.203323, -0.405107, 20, 0.794465, 0.0472187, 0.298765, 21, 0.76106, 0.17209, -0.312544, 22, 0.803385, -0.107339, 0.318087, 23, 0.741622, 0.00200233, -0.0235263, 25, 0.772413, 0.0774826, -0.220885, 26, 0.507779, 0.323569, 0.354997, 27, 0.504724, 0.435635, -0.185367, 28, 0.832889, 0.0515155, 0.374943, 29, 0.74, -0.109097, -0.393077, 30, 0.731984, 0.435937, 0.142696, 31, 0.782964, 0.363603, 0.0414062, 32, 0.654753, 0.510069, -0.200325, 33, 0.788287, -0.190328, -0.13018, 34, 0.545922, 0.328743, 0.319284, 35, 0.761794, 0.305929, 0.285448, 36, 0.77674, 0.186368, 0.439934, 37, 0.469086, 0.375991, 0.0601846, 38, 0.717601, 0.344089, 0.301547, 39, 0.474447, 0.344492, 0.179761, 40, 0.719087, 0.452557, 0.206084, 41, 0.766847, 0.0928101, 0.318108, 43, 0.736212, 0.397582, -0.339478, 44, 0.739031, 0.383962, 0.191778, 46, 0.794191, -0.0226997, -0.403598, 47, 0.799858, 0.138911, 0.187565, 48, 0.797909, 0.213541, 0.216124, 49, 0.374177, 0.332827, 0.0293384, 50, 0.399437, 0.306358, 0.191915
193589.2588883190183, 2, 0.504133, 0.397063, 0.0178336, 5, 0.739211, -0.177506, 0.123857, 7, 0.69227, -0.123657, -0.124624, 8, 0.748468, 0.304616, -0.234199, 9, 0.680876, 0.434857, -0.319098, 11, 0.727, -0.191286, 0.171125, 12, 0.710993, -0.136343, -0.0762524, 13, 0.800471, 0.0971433, -0.172409, 14, 0.825166, 0.142691, -0.37864, 15, 0.737565, 0.437792, -0.111918, 16, 0.726682, -0.000439943, -0.0685243, 17, 0.757889, -0.0573794, 0.179016, 18, 0.808361, 0.203834, -0.40449, 20, 0.793444, 0.047268, 0.300399, 21, 0.762004, 0.171995, -0.310836, 22, 0.816311, -0.108832, 0.325199, 23, 0.74147, 0.00196789, -0.0217976, 25, 0.773654, 0.0774689, -0.219277, 26, 0.50684, 0.323652, 0.356, 27, 0.5121, 0.441889, -0.187018, 28, 0.837417, 0.0520681, 0.379157, 29, 0.741304, -0.109173, -0.391367, 30, 0.730612, 0.435268, 0.144053, 31, 0.78301, 0.363624, 0.0431063, 32, 0.654575, 0.509428, -0.19873, 33, 0.787764, -0.190109, -0.128089, 34, 0.546761, 0.329892, 0.321357, 35, 0.7619, 0.306289, 0.287364, 36, 0.770155, 0.185081, 0.438498, 37, 0.477189, 0.383021, 0.0620531, 38, 0.716679, 0.344016, 0.30298, 39, 0.478176, 0.347794, 0.182272, 40, 0.718475, 0.452476, 0.207566, 41, 0.766218, 0.0929164, 0.31983, 43, 0.73621, 0.39698, -0.33742, 44, 0.738584, 0.383959, 0.19335, 46, 0.786193, -0.0226304, -0.396883, 47, 0.79905, 0.138851, 0.189254, 48, 0.796527, 0.213293, 0.217641, 49, 0.383551, 0.341909, 0.0306065, 50, 0.404067, 0.310688, 0.195127, 19, 0.753845, -0.0616724, 0.228238
193589.29220462401281, 2, 0.513216, 0.404602, 0.0188765, 5, 0.738809, -0.17739, 0.125272, 7, 0.693304, -0.123758, -0.123355, 8, 0.74953, 0.304765, -0.232923, 9, 0.687052, 0.43842, -0.320489, 11, 0.727032, -0.191273, 0.172614, 12, 0.711669, -0.136392, -0.0748649, 13, 0.800592, 0.0970611, -0.170761, 14, 0.825741, 0.142556, -0.376837, 15, 0.738544, 0.438169, -0.110664, 16, 0.726753, -0.000455392, -0.0670709, 17, 0.757879, -0.0573493, 0.180536, 18, 0.81031, 0.204026, -0.403417, 20, 0.79272, 0.0472963, 0.301835, 21, 0.763842, 0.172197, -0.309808, 22, 0.823831, -0.109689, 0.329924, 23, 0.739945, 0.00192478, -0.0202688, 25, 0.774477, 0.0774552, -0.217823, 26, 0.507525, 0.324659, 0.357844, 27, 0.520818, 0.449377, -0.189338, 28, 0.83639, 0.0521433, 0.380586, 30, 0.730488, 0.435333, 0.14542, 31, 0.782534, 0.363373, 0.0445496, 32, 0.653949, 0.508478, -0.197162, 33, 0.787192, -0.189863, -0.126308, 34, 0.542575, 0.327685, 0.320277, 35, 0.761153, 0.306221, 0.28869, 36, 0.765534, 0.184189, 0.437794, 37, 0.482486, 0.38762, 0.0635037, 38, 0.716029, 0.344005, 0.304252, 39, 0.482968, 0.351804, 0.185002, 40, 0.717594, 0.452147, 0.208741, 41, 0.767239, 0.0932073, 0.321927, 43, 0.740965, 0.399141, -0.337921, 44, 0.737769, 0.383693, 0.194588, 46, 0.779485, -0.0225467, -0.391254, 47, 0.798534, 0.138825, 0.190725, 48, 0.795762, 0.213194, 0.219029, 49, 0.393839, 0.351807, 0.0318299, 50, 0.410262, 0.316187, 0.198902, 19, 0.752711, -0.0615467, 0.229617
193589.32552137202583, 2, 0.52056, 0.41073, 0.0198606, 5, 0.738962, -0.177431, 0.126267, 7, 0.693843, -0.123706, -0.122463, 8, 0.750097, 0.304927, -0.231798, 9, 0.693599, 0.442573, -0.32229, 11, 0.726419, -0.191156, 0.173435, 12, 0.712002, -0.136335, -0.0739229, 13, 0.80124, 0.0971866, -0.169667, 14, 0.824638, 0.142383, -0.374758, 15, 0.7385, 0.438054, -0.109421, 16, 0.726744, -0.000406305, -0.0660277, 17, 0.757694, -0.0573725, 0.181556, 18, 0.813038, 0.204744, -0.40324, 20, 0.792168, 0.0471996, 0.302858, 21, 0.764235, 0.172295, -0.308593, 22, 0.829305, -0.110443, 0.333298, 23, 0.740538, 0.00197963, -0.0192524, 25, 0.774909, 0.0775632, -0.216702, 26, 0.506211, 0.323994, 0.35805, 27, 0.53452, 0.461616, -0.193688, 28, 0.836319, 0.0520816, 0.381916, 30, 0.729861, 0.434988, 0.146502, 31, 0.783374, 0.363777, 0.0458062, 32, 0.6543, 0.508571, -0.196049, 33, 0.786553, -0.189545, -0.12509, 34, 0.541114, 0.32694, 0.320529, 35, 0.760651, 0.306068, 0.289795, 36, 0.761827, 0.18325, 0.43712, 37, 0.489991, 0.394074, 0.0651544, 38, 0.716056, 0.344125, 0.305525, 39, 0.486719, 0.354867, 0.187256, 40, 0.717629, 0.452265, 0.209975, 41, 0.769588, 0.0935221, 0.324127, 43, 0.745229, 0.401366, -0.338479, 44, 0.736798, 0.383219, 0.195563, 46, 0.774515, -0.0222692, -0.38718, 47, 0.798684, 0.13884, 0.191957, 48, 0.795272, 0.213054, 0.22013, 49, 0.405502, 0.363031, 0.0331342, 50, 0.414997, 0.320316, 0.201917, 19, 0.751017, -0.0614784, 0.230323, 29, 3.0657, -0.404699, -1.65753
193589.35883728601038, 2, 0.524155, 0.413714, 0.0205867, 5, 0.738713, -0.17734, 0.127317, 7, 0.694048, -0.12366, -0.121421, 8, 0.7499, 0.304618, -0.230495, 9, 0.695635, 0.443503, -0.322002, 11, 0.726224, -0.191081, 0.174488, 12, 0.713436, -0.136509, -0.0730172, 13, 0.800928, 0.0970855, -0.168333, 14, 0.824181, 0.142138, -0.372983, 15, 0.737984, 0.437547, -0.108251, 16, 0.727047, -0.000379166, -0.0649739, 17, 0.757222, -0.0573078, 0.182592, 18, 0.810957, 0.203953, -0.400569, 20, 0.792541, 0.0473078, 0.304264, 21, 0.765049, 0.172333, -0.307566, 22, 0.827572, -0.110211, 0.333982, 23, 0.739683, 0.0019772, -0.0181305, 25, 0.775634, 0.0775884, -0.215642, 26, 0.511321, 0.327883, 0.362555, 27, 0.541378, 0.467488, -0.195514, 28, 0.839383, 0.0524231, 0.384694, 30, 0.73038, 0.435405, 0.147642, 31, 0.782991, 0.363578, 0.0468937, 32, 0.656379, 0.509905, -0.195679, 33, 0.789622, -0.190132, -0.124395, 34, 0.544781, 0.32964, 0.323576, 35, 0.760061, 0.305997, 0.290768, 36, 0.764667, 0.184217, 0.440104, 37, 0.494491, 0.397967, 0.0662711, 38, 0.715213, 0.343922, 0.306315, 39, 0.491653, 0.358909, 0.189746, 40, 0.716887, 0.451941, 0.210804, 41, 0.764609, 0.0929253, 0.323317, 43, 0.745991, 0.401406, -0.337462, 44, 0.736119, 0.382981, 0.196463, 46, 0.775966, -0.0222841, -0.386385, 47, 0.798371, 0.13885, 0.193078, 48, 0.79468, 0.212985, 0.221169, 49, 0.412531, 0.369802, 0.0339936, 50, 0.419077, 0.323983, 0.204427, 19, 0.750865, -0.0614051, 0.231558, 29, 3.18563, -0.421428, -1.71803
193589.39215365200653, 2, 0.531241, 0.419693, 0.0211859, 5, 0.737987, -0.177251, 0.127093, 7, 0.693497, -0.123349, -0.121375, 8, 0.750614, 0.305233, -0.230283, 9, 0.694019, 0.44282, -0.320624, 11, 0.727006, -0.191396, 0.174545, 12, 0.712139, -0.136118, -0.0729333, 13, 0.800574, 0.0972816, -0.168042, 14, 0.816245, 0.141074, -0.368935, 15, 0.739124, 0.438429, -0.107864, 16, 0.727031, -0.000230914, -0.0648853, 17, 0.75692, -0.0574207, 0.182549, 18, 0.802466, 0.202129, -0.395823, 20, 0.792108, 0.0470054, 0.304259, 21, 0.764086, 0.172493, -0.306863, 22, 0.829148, -0.110723, 0.334584, 23, 0.740534, 0.00209462, -0.0180793, 25, 0.775721, 0.077902, -0.215485, 26, 0.529564, 0.340078, 0.37573, 27, 0.548262, 0.474025, -0.19764, 28, 0.842687, 0.0523079, 0.386348, 30, 0.730521, 0.435395, 0.148239, 31, 0.782718, 0.363443, 0.0473796, 32, 0.657466, 0.511058, -0.195379, 34, 0.558784, 0.338429, 0.332148, 35, 0.759797, 0.305638, 0.291098, 36, 0.774843, 0.186472, 0.446172, 37, 0.501861, 0.404293, 0.0675534, 38, 0.715839, 0.343987, 0.307037, 39, 0.503829, 0.368279, 0.194659, 40, 0.717046, 0.451882, 0.21142, 41, 0.764181, 0.0925949, 0.323339, 43, 0.744857, 0.401152, -0.336358, 44, 0.736791, 0.38321, 0.197139, 46, 0.775128, -0.021791, -0.385841, 47, 0.798156, 0.138663, 0.193283, 48, 0.795467, 0.213028, 0.221712, 49, 0.422292, 0.379271, 0.034936, 50, 0.432989, 0.335472, 0.211355, 19, 0.750246, -0.061557, 0.231431, 29, 1.96761, -0.264722, -1.05405
193589.42546995700104, 2, 0.508209, 0.400633, 0.0211945, 7, 0.692836, -0.122982, -0.12168, 14, 0.775707, 0.133954, -0.349906, 16, 0.728468, -2.34776e-05, -0.0652931, 17, 0.754902, -0.0574818, 0.181705, 18, 0.762127, 0.191856, -0.375104, 20, 0.792564, 0.0466744, 0.304163, 23, 0.741968, 0.00224187, -0.0183904, 25, 0.776178, 0.0783903, -0.215822, 26, 0.538618, 0.345745, 0.382339, 28, 0.831267, 0.0509345, 0.380894, 34, 0.563837, 0.341242, 0.335371, 35, 0.759548, 0.305171, 0.291177, 36, 0.778587, 0.186842, 0.448198, 37, 0.479615, 0.385396, 0.0654398, 38, 0.715422, 0.343405, 0.307105, 39, 0.495886, 0.361937, 0.192076, 41, 0.764991, 0.0923108, 0.323483, 46, 0.747695, -0.0208683, -0.37189, 47, 0.798578, 0.138542, 0.193301, 48, 0.796778, 0.213173, 0.222096, 49, 0.408634, 0.366355, 0.0345645, 50, 0.435145, 0.337059, 0.212715, 19, 0.748119, -0.061632, 0.230374, 29, 0.3614, -0.0597915, -0.178666, 33, 0.713228, -0.170936, -0.111149
193589.45878629101207, 14, 0.7074, 0.120916, -0.317268, 17, 0.75508, -0.057558, 0.181823, 18, 0.69514, 0.173681, -0.340246, 20, 0.793259, 0.0465815, 0.304582, 23, 0.743896, 0.00233936, -0.0182987, 28, 0.784578, 0.0470121, 0.359997, 36, 0.733771, 0.174826, 0.422943, 41, 0.766713, 0.0923932, 0.324401, 19, 0.749699, -0.0617697, 0.230947, 29, 0.286442, -0.0504346, -0.137723, 33, 0.714858, -0.171108, -0.111015, 5, 0.73979, -0.176364, 0.126701, 8, 0.746708, 0.305929, -0.228561, 9, 2.69095, 1.81725, -1.29955, 11, 0.732327, -0.191163, 0.174628, 12, 0.711342, -0.134598, -0.0721072, 13, 0.803689, 0.0989232, -0.167657, 15, 0.739319, 0.442499, -0.106928, 21, 0.763424, 0.174252, -0.306007, 22, 3.25056, -0.382281, 1.29194, 27, 2.47427, 2.27634, -0.956034, 30, 0.729858, 0.437854, 0.151049, 31, 0.77925, 0.363975, 0.0491742, 32, 2.62554, 2.15626, -0.828251, 40, 0.715911, 0.454383, 0.214323, 43, 2.8142, 1.60495, -1.32185, 44, 0.735198, 0.384395, 0.199586
193589.49225337101961, 14, 0.678359, 0.115191, -0.30362, 17, 0.756127, -0.0575853, 0.181998, 18, 0.667208, 0.165919, -0.325976, 20, 0.794976, 0.0467776, 0.305128, 23, 0.745383, 0.00233757, -0.0183894, 28, 0.778058, 0.0465889, 0.356934, 36, 0.709983, 0.168657, 0.409275, 41, 0.765409, 0.0922479, 0.323758, 19, 0.750839, -0.0617587, 0.231241, 29, 0.358956, -0.0594959, -0.177256, 33, 0.717386, -0.171661, -0.111382, 5, 0.743211, -0.177201, 0.126937, 8, 0.745885, 0.305391, -0.228582, 9, 1.1145, 0.73744, -0.528729, 11, 0.732814, -0.191422, 0.174435, 12, 0.713001, -0.135035, -0.0724053, 13, 0.804185, 0.0986388, -0.168008, 15, 0.736662, 0.44086, -0.106783, 21, 0.762697, 0.173812, -0.305894, 22, 2.68919, -0.318899, 1.06992, 27, 0.715964, 0.637537, -0.265693, 30, 0.72877, 0.437252, 0.150773, 31, 0.777149, 0.3628, 0.04883, 32, 0.802618, 0.639447, -0.243088, 40, 0.714734, 0.453805, 0.213979, 43, 1.45527, 0.818093, -0.675732, 44, 0.733635, 0.383457, 0.199144, 2, 2.67373, 2.25656, 0.0724872, 7, 0.696266, -0.122976, -0.121142, 16, 0.730547, -0.000634534, -0.0643793, 25, 0.778173, 0.0787026, -0.215189, 26, 2.48827, 1.70927, 1.78399, 34, 2.63017, 1.7021, 1.5751, 35, 0.757352, 0.305072, 0.292889, 37, 2.63798, 2.27676, 0.327013, 38, 0.711719, 0.343166, 0.308457, 39, 2.63977, 2.06701, 1.01509, 46, 3.1228, -0.0249243, -1.59894, 47, 0.800125, 0.138391, 0.1949, 48, 0.795663, 0.212915, 0.223422, 49, 2.50534, 2.43563, 0.165941, 50, 2.51511, 2.10638, 1.228
193589.52556898602052, 14, 0.682437, 0.11609, -0.305846, 17, 0.757875, -0.0576789, 0.182135, 18, 0.673374, 0.167756, -0.329478, 20, 0.794284, 0.0467066, 0.30457, 23, 0.745975, 0.00233359, -0.0186429, 28, 0.755854, 0.0448025, 0.346584, 36, 0.65934, 0.15527, 0.380061, 41, 0.766552, 0.0923944, 0.323958, 19, 0.752126, -0.0618053, 0.231356, 29, 0.379828, -0.0619907, -0.188793, 33, 0.721723, -0.172576, -0.112361, 5, 0.744148, -0.177403, 0.126669, 8, 0.74595, 0.305355, -0.229087, 9, 0.627564, 0.403164, -0.290693, 11, 0.733215, -0.191476, 0.174129, 12, 0.714363, -0.135282, -0.0728909, 13, 0.803593, 0.0984244, -0.168316, 15, 0.733992, 0.439309, -0.106881, 21, 0.762288, 0.173636, -0.306125, 22, 0.871315, -0.114473, 0.349188, 27, 0.431551, 0.371908, -0.154311, 30, 0.725055, 0.435026, 0.149676, 31, 0.776204, 0.362335, 0.0483129, 32, 0.448036, 0.34375, -0.12959, 40, 0.712464, 0.452554, 0.213006, 43, 0.883829, 0.486582, -0.404235, 44, 0.732741, 0.3831, 0.198603, 2, 1.14545, 0.949762, 0.03601, 7, 0.697213, -0.123051, -0.121652, 16, 0.72918, -0.000627627, -0.0646038, 25, 0.777998, 0.0786759, -0.215547, 26, 0.586665, 0.381477, 0.419942, 34, 0.648327, 0.398893, 0.388903, 35, 0.75697, 0.305141, 0.29233, 37, 0.957489, 0.807239, 0.123451, 38, 0.709128, 0.342173, 0.306968, 39, 0.807461, 0.612027, 0.313177, 46, 2.33457, -0.0232319, -1.19115, 47, 0.799835, 0.138479, 0.194407, 48, 0.794152, 0.212629, 0.222567, 49, 0.967589, 0.921322, 0.0691115, 50, 0.668458, 0.537686, 0.328178
193589.55888531901292, 14, 0.708234, 0.121498, -0.318419, 17, 0.755831, -0.0576803, 0.181239, 18, 0.695523, 0.174294, -0.341251, 20, 0.795107, 0.0465751, 0.304517, 23, 0.746898, 0.00236726, -0.0190324, 28, 0.749141, 0.0440438, 0.343166, 36, 0.612995, 0.142749, 0.35328, 41, 0.766558, 0.0921907, 0.323644, 19, 0.752326, -0.0619427, 0.230991, 29, 0.406907, -0.06505, -0.203841, 33, 0.721606, -0.172437, -0.112791, 5, 0.746168, -0.177912, 0.126381, 8, 0.745925, 0.305456, -0.229369, 9, 0.505272, 0.319309, -0.230961, 11, 0.734479, -0.191844, 0.173814, 12, 0.71556, -0.135453, -0.0735211, 13, 0.803981, 0.0984069, -0.168821, 15, 0.733796, 0.439427, -0.107102, 21, 0.762153, 0.173682, -0.306415, 22, 0.533371, -0.0766631, 0.214604, 27, 0.363622, 0.30858, -0.12776, 30, 0.723882, 0.434376, 0.149352, 31, 0.775214, 0.361832, 0.0480033, 32, 0.393128, 0.298114, -0.11213, 40, 0.710296, 0.451282, 0.212397, 43, 0.606629, 0.325702, -0.272397, 44, 0.732207, 0.382799, 0.19838, 2, 0.150506, 0.096479, 0.0121784, 7, 0.696652, -0.122862, -0.121981, 16, 0.730312, -0.000639935, -0.0652199, 25, 0.778001, 0.0787102, -0.21596, 26, 0.13017, 0.0612537, 0.0911343, 34, 0.128541, 0.0554964, 0.0765366, 35, 0.756689, 0.305024, 0.292014, 37, 0.14167, 0.091396, 0.0242279, 38, 0.70803, 0.341692, 0.306419, 39, 0.130368, 0.0722754, 0.0528697, 46, 0.94701, -0.0201154, -0.473207, 47, 0.799807, 0.138299, 0.193978, 48, 0.79423, 0.212468, 0.222254, 49, 0.106137, 0.0700799, 0.0146271, 50, 0.108938, 0.0603558, 0.0543689
193589.59220161900157, 14, 0.730771, 0.125683, -0.32901, 17, 0.758521, -0.0576897, 0.182081, 18, 0.717546, 0.180164, -0.352616, 20, 0.795069, 0.0468258, 0.304618, 28, 0.737086, 0.0434159, 0.337873, 41, 0.767154, 0.0925543, 0.323991, 19, 0.753089, -0.0617673, 0.231447, 33, 0.722169, -0.172602, -0.112402, 5, 0.747308, -0.177955, 0.126877, 8, 0.74602, 0.305253, -0.229538, 9, 0.597317, 0.382704, -0.276338, 11, 0.735723, -0.191873, 0.174458, 12, 0.718195, -0.135936, -0.0734237, 13, 0.803776, 0.0980865, -0.16868, 15, 0.733259, 0.439111, -0.107284, 21, 0.762741, 0.173475, -0.306581, 22, 0.656741, -0.090192, 0.263913, 27, 0.406567, 0.349056, -0.144757, 30, 0.722378, 0.433805, 0.148934, 31, 0.774384, 0.361519, 0.0477688, 32, 0.445586, 0.342178, -0.129063, 40, 0.708356, 0.450549, 0.21178, 43, 0.738835, 0.402499, -0.335651, 44, 0.730995, 0.382484, 0.198005, 2, 0.245981, 0.178454, 0.0147145, 7, 0.700216, -0.123485, -0.122239, 16, 0.731525, -0.000722634, -0.0651379, 25, 0.778169, 0.078457, -0.215838, 26, 0.214724, 0.120647, 0.152234, 34, 0.209816, 0.109297, 0.125644, 35, 0.754554, 0.304521, 0.291201, 37, 0.23226, 0.17097, 0.0354879, 38, 0.707052, 0.341754, 0.306074, 39, 0.213536, 0.138651, 0.085107, 46, 1.01256, -0.0204795, -0.506974, 47, 0.799441, 0.138362, 0.193937, 48, 0.793327, 0.212396, 0.222008, 49, 0.179281, 0.142323, 0.0195431, 50, 0.18239, 0.123018, 0.0905642
193589.62551795702893, 14, 0.751181, 0.129787, -0.338151, 17, 0.760478, -0.0578265, 0.182963, 18, 0.73053, 0.183859, -0.358801, 20, 0.795077, 0.0467884, 0.305124, 28, 0.747028, 0.044191, 0.342891, 41, 0.765513, 0.0922854, 0.323833, 19, 0.754588, -0.0618964, 0.232337, 33, 0.722049, -0.172485, -0.111843, 5, 0.748067, -0.178117, 0.127365, 8, 0.74662, 0.305477, -0.229221, 9, 0.548449, 0.349128, -0.251778, 11, 0.735563, -0.191814, 0.174777, 12, 0.720267, -0.136254, -0.0731842, 13, 0.804961, 0.098135, -0.168444, 15, 0.732942, 0.439026, -0.106749, 21, 0.763153, 0.17352, -0.306156, 22, 0.701267, -0.0952591, 0.282031, 27, 0.386574, 0.330378, -0.136373, 30, 0.721567, 0.433486, 0.149404, 31, 0.772394, 0.360554, 0.0481826, 32, 0.433051, 0.331767, -0.12454, 43, 0.655358, 0.354021, -0.295208, 44, 0.728815, 0.381369, 0.198111, 2, 0.268617, 0.197893, 0.015636, 7, 0.700029, -0.123403, -0.121678, 16, 0.733744, -0.000766589, -0.0648983, 25, 0.777912, 0.0783615, -0.215213, 26, 0.24062, 0.138787, 0.171228, 34, 0.236772, 0.12708, 0.142196, 35, 0.752991, 0.303918, 0.291291, 37, 0.252944, 0.189155, 0.0383784, 38, 0.706371, 0.341598, 0.306545, 39, 0.238334, 0.158414, 0.0949969, 46, 0.611442, -0.0195538, -0.298233, 47, 0.79932, 0.138214, 0.194405, 48, 0.792928, 0.212192, 0.222442, 49, 0.201903, 0.164653, 0.0213184, 50, 0.207426, 0.144333, 0.103145, 23, 0.749317, 0.00135279, -0.018514, 29, 3.07939, -0.381248, -1.65023, 36, 2.96158, 0.786539, 1.72465
193589.65883429101086, 17, 0.759388, -0.0579291, 0.182725, 20, 0.795426, 0.0465543, 0.305386, 28, 0.714484, 0.0411262, 0.328196, 41, 0.734834, 0.0874543, 0.311139, 19, 0.753225, -0.0619903, 0.231931, 5, 0.75049, -0.178623, 0.127617, 8, 0.746617, 0.305715, -0.228813, 9, 0.488903, 0.308208, -0.221965, 11, 0.737993, -0.192386, 0.175165, 12, 0.72002, -0.136031, -0.0730373, 13, 0.807109, 0.0985055, -0.168673, 21, 0.764296, 0.174056, -0.306233, 22, 0.666609, -0.0915228, 0.268225, 27, 0.349479, 0.295504, -0.121189, 32, 0.387073, 0.293213, -0.109189, 43, 0.580255, 0.310472, -0.258829, 2, 0.279683, 0.207407, 0.0163259, 7, 0.701366, -0.123362, -0.121779, 16, 0.736352, -0.000697177, -0.0649889, 25, 0.781487, 0.0789628, -0.215965, 26, 0.241448, 0.139136, 0.172146, 34, 0.2472, 0.133807, 0.14881, 37, 0.261981, 0.197072, 0.0398987, 39, 0.248907, 0.166752, 0.0994449, 47, 0.799637, 0.138038, 0.194719, 48, 0.791895, 0.211691, 0.222542, 49, 0.21795, 0.180551, 0.0227377, 50, 0.223361, 0.157831, 0.111316, 23, 0.75295, 0.00133757, -0.0182418, 29, 2.83548, -0.348817, -1.51499, 36, 0.202529, 0.0299442, 0.11529, 40, 0.705659, 0.454213, 0.215579
193589.69215059501585, 20, 0.796181, 0.0467897, 0.305361, 28, 0.698975, 0.0399774, 0.320848, 19, 0.753329, -0.061854, 0.23171, 5, 0.752398, -0.178833, 0.127758, 8, 0.747093, 0.305711, -0.22938, 9, 0.498383, 0.314653, -0.22694, 11, 0.739889, -0.192575, 0.175425, 12, 0.720505, -0.136127, -0.0730438, 22, 0.698495, -0.0949064, 0.280687, 27, 0.350912, 0.296757, -0.121948, 32, 0.385879, 0.292106, -0.109009, 43, 0.600193, 0.321982, -0.268714, 2, 0.298756, 0.223805, 0.0166764, 7, 0.70357, -0.123761, -0.122095, 25, 0.784284, 0.0790079, -0.21693, 34, 0.259259, 0.141744, 0.156065, 37, 0.284107, 0.216576, 0.0425118, 39, 0.267538, 0.181646, 0.106603, 47, 0.79881, 0.137862, 0.194209, 48, 0.790371, 0.211326, 0.221838, 50, 0.248264, 0.179183, 0.123575, 23, 0.753456, 0.00100686, -0.0184995, 29, 4.11588, -0.498758, -2.20656, 36, 0.287291, 0.0530278, 0.164744, 40, 0.705615, 0.454538, 0.215346, 14, 3.13536, 0.616644, -1.46082, 15, 0.728404, 0.438206, -0.106283, 18, 3.03632, 0.84561, -1.54755, 30, 0.715666, 0.433383, 0.150602, 31, 0.769844, 0.360233, 0.048474, 33, 0.728118, -0.172851, -0.111209, 35, 0.744553, 0.301909, 0.290893, 38, 0.698341, 0.341043, 0.307284, 44, 0.721504, 0.379701, 0.198905, 46, 3.13321, -0.0144608, -1.59715
193589.72546698601218, 20, 0.795072, 0.0471742, 0.304595, 28, 0.721949, 0.0425098, 0.331023, 8, 0.746317, 0.304918, -0.229883, 9, 0.490001, 0.308496, -0.223509, 12, 0.723185, -0.136657, -0.0732685, 22, 0.740389, -0.0990799, 0.2972, 27, 0.348734, 0.29454, -0.121743, 32, 0.381272, 0.288076, -0.108158, 43, 0.592163, 0.31687, -0.265595, 2, 0.310649, 0.23423, 0.0163975, 7, 0.70619, -0.12433, -0.122498, 25, 0.784015, 0.0784766, -0.217125, 34, 0.27477, 0.152456, 0.165183, 37, 0.297082, 0.228261, 0.0435653, 39, 0.282531, 0.194024, 0.111997, 47, 0.796987, 0.137716, 0.193303, 48, 0.789342, 0.211374, 0.221026, 50, 0.268355, 0.196883, 0.133109, 23, 0.750791, 0.000748398, -0.0187265, 29, 4.23267, -0.515488, -2.26884, 36, 0.3178, 0.0616605, 0.18223, 40, 0.70542, 0.455046, 0.214468, 14, 2.68103, 0.522307, -1.2498, 15, 0.726195, 0.436823, -0.107061, 18, 2.51264, 0.693755, -1.28078, 30, 0.71253, 0.431803, 0.148925, 31, 0.768273, 0.359629, 0.0473064, 33, 0.732864, -0.173889, -0.112107, 35, 0.745352, 0.302877, 0.290264, 38, 0.695928, 0.34041, 0.305239, 44, 0.718986, 0.378667, 0.197247, 46, 2.80198, -0.0173828, -1.42837, 13, 0.811052, 0.096718, -0.170363, 16, 0.739505, -0.00237349, -0.0660347, 17, 0.761677, -0.0587473, 0.18124, 21, 0.767404, 0.172565, -0.307537, 41, 3.21436, 0.464057, 1.36525
193589.75878328600083, 20, 0.794462, 0.0474667, 0.30401, 28, 0.720513, 0.0427925, 0.330076, 8, 0.745591, 0.30434, -0.23029, 9, 0.470023, 0.294476, -0.214115, 12, 0.723408, -0.136751, -0.0732465, 22, 0.751505, -0.0998964, 0.301441, 27, 0.335044, 0.281491, -0.11668, 32, 0.366218, 0.275294, -0.103651, 43, 0.578032, 0.3084, -0.259377, 2, 0.306445, 0.230695, 0.0159974, 7, 0.707791, -0.124707, -0.122741, 34, 0.278377, 0.155158, 0.167242, 37, 0.294441, 0.226063, 0.0429538, 39, 0.282503, 0.194227, 0.111769, 47, 0.795486, 0.13756, 0.192538, 48, 0.788259, 0.211288, 0.220289, 50, 0.272639, 0.200866, 0.135031, 23, 0.753565, 0.00067219, -0.0190496, 29, 5.83857, -0.708625, -3.13892, 36, 0.319262, 0.0623485, 0.182988, 40, 0.704602, 0.455108, 0.213631, 14, 2.43168, 0.470034, -1.13414, 15, 0.724106, 0.435644, -0.107514, 18, 2.10219, 0.574911, -1.0705, 30, 0.710207, 0.430813, 0.147798, 31, 0.766952, 0.359189, 0.0465872, 33, 0.735749, -0.174535, -0.112456, 35, 0.745423, 0.303426, 0.289713, 38, 0.695362, 0.3407, 0.304461, 44, 0.717362, 0.378244, 0.196246, 46, 2.68704, -0.0194595, -1.37064, 13, 0.809552, 0.096333, -0.170044, 16, 0.736319, -0.00254585, -0.0656498, 17, 0.762085, -0.0584219, 0.181448, 21, 0.767025, 0.172171, -0.30766, 41, 3.10032, 0.448752, 1.31514, 5, 0.755085, -0.178491, 0.127106, 11, 0.743593, -0.192095, 0.175172, 19, 0.755176, -0.0618989, 0.230928
193589.7920996240282, 28, 0.704129, 0.0419281, 0.322105, 9, 0.46899, 0.293421, -0.214513, 12, 0.725857, -0.13736, -0.0735153, 22, 0.733937, -0.0973731, 0.294209, 27, 0.335898, 0.282171, -0.117785, 32, 0.363187, 0.272563, -0.103384, 43, 0.581142, 0.309791, -0.261897, 2, 0.306128, 0.230406, 0.015492, 34, 0.275336, 0.153241, 0.165104, 37, 0.293053, 0.224843, 0.0423224, 39, 0.280401, 0.192608, 0.110587, 50, 0.272598, 0.200972, 0.134651, 29, 11.7825, -1.42287, -6.3593, 36, 0.310355, 0.0600512, 0.177631, 40, 0.704168, 0.455467, 0.212418, 14, 4.68737, 0.925702, -2.21051, 15, 0.722656, 0.434707, -0.108554, 18, 4.47451, 1.25039, -2.30878, 30, 0.707327, 0.429392, 0.14612, 31, 0.765849, 0.358813, 0.0454862, 33, 0.735449, -0.174771, -0.112322, 35, 0.743967, 0.303374, 0.288292, 38, 0.69418, 0.340772, 0.303101, 44, 0.716682, 0.378358, 0.195118, 46, 4.67569, -0.0232949, -2.40404, 13, 0.808368, 0.0958126, -0.170265, 16, 0.737629, -0.00272821, -0.0659841, 17, 0.764844, -0.0582325, 0.182027, 21, 0.765699, 0.171208, -0.307762, 41, 3.29724, 0.482216, 1.39641, 5, 0.756178, -0.178581, 0.127519, 11, 0.742381, -0.191577, 0.175137, 19, 0.756904, -0.0616409, 0.231438, 25, 0.776036, 0.0748652, -0.214481
193589.82556598601514, 28, 0.689041, 0.0408414, 0.315619, 9, 0.472706, 0.295735, -0.216353, 12, 0.727206, -0.137642, -0.0731029, 22, 0.727082, -0.0963895, 0.291978, 27, 0.336489, 0.28257, -0.118079, 32, 0.361563, 0.271021, -0.102876, 43, 0.675801, 0.365381, -0.307838, 2, 0.303334, 0.227909, 0.0154326, 34, 0.271178, 0.150516, 0.162722, 37, 0.288705, 0.220927, 0.0418077, 39, 0.275457, 0.188631, 0.108735, 50, 0.269304, 0.198199, 0.133105, 29, 18.1431, -2.18567, -9.7867, 36, 0.305104, 0.058674, 0.174833, 40, 0.703282, 0.455337, 0.212299, 14, 5.42835, 1.07455, -2.56125, 15, 0.721623, 0.43401, -0.108418, 18, 5.26946, 1.4757, -2.72118, 30, 0.705977, 0.428839, 0.145915, 31, 0.765835, 0.358945, 0.0455604, 33, 0.735462, -0.174866, -0.111752, 35, 0.742596, 0.303189, 0.288047, 38, 0.692481, 0.340322, 0.302631, 44, 0.717169, 0.37899, 0.195429, 46, 5.41424, -0.0252992, -2.78372, 13, 0.806869, 0.0954982, -0.169569, 16, 0.73876, -0.00277147, -0.0656982, 17, 0.76647, -0.0581582, 0.182927, 21, 0.765853, 0.170958, -0.307507, 41, 2.7725, 0.403429, 1.17549, 5, 0.75545, -0.178324, 0.127982, 11, 0.741857, -0.191324, 0.175621, 19, 0.756823, -0.0614147, 0.231951, 25, 0.777679, 0.07526, -0.214774, 7, 0.710039, -0.125449, -0.121774, 8, 0.744671, 0.302448, -0.23053, 20, 0.79307, 0.0475598, 0.303638, 47, 0.793479, 0.136811, 0.191957, 48, 0.78751, 0.211337, 0.220232
193589.85888229002012, 28, 0.695518, 0.041253, 0.319799, 9, 0.483565, 0.303349, -0.220658, 12, 0.727694, -0.13762, -0.0721676, 22, 0.746634, -0.0987583, 0.300948, 27, 0.341052, 0.287, -0.119107, 32, 0.367372, 0.276067, -0.103976, 43, 0.677916, 0.366586, -0.307317, 2, 0.309054, 0.233104, 0.0161871, 34, 0.276209, 0.154189, 0.166483, 37, 0.293983, 0.225873, 0.0430557, 39, 0.280821, 0.193278, 0.111451, 50, 0.275475, 0.20389, 0.136833, 29, 22.6938, -2.72833, -12.2066, 36, 0.31499, 0.0615788, 0.181285, 40, 0.702884, 0.455109, 0.213617, 14, 5.07582, 1.00229, -2.38437, 15, 0.723098, 0.434844, -0.107249, 18, 4.67509, 1.30525, -2.40281, 30, 0.70555, 0.428543, 0.14718, 31, 0.766606, 0.359254, 0.046935, 33, 0.741054, -0.175968, -0.111739, 35, 0.741503, 0.302624, 0.28903, 38, 0.693556, 0.340898, 0.304516, 44, 0.717951, 0.379399, 0.197006, 46, 5.59191, -0.0255479, -2.86609, 13, 0.808288, 0.0957095, -0.168597, 16, 0.738189, -0.00278986, -0.0645816, 17, 0.764243, -0.0582265, 0.183512, 21, 0.766509, 0.171183, -0.306314, 41, 3.28271, 0.480446, 1.39776, 5, 0.755685, -0.178483, 0.12898, 11, 0.741146, -0.191295, 0.176404, 19, 0.75576, -0.0615518, 0.232729, 25, 0.781378, 0.0758786, -0.214645, 7, 0.710876, -0.125406, -0.120965, 8, 0.745575, 0.30294, -0.229542, 20, 0.792817, 0.0474913, 0.304784, 47, 0.793957, 0.136873, 0.193301, 48, 0.787344, 0.21129, 0.221472
193589.89219865202904, 28, 0.700411, 0.0412659, 0.323435, 9, 0.4666, 0.291858, -0.210699, 22, 0.763776, -0.101212, 0.309031, 27, 0.327668, 0.274469, -0.112554, 32, 0.352683, 0.263847, -0.0980156, 2, 0.302398, 0.22766, 0.0169204, 34, 0.282062, 0.158687, 0.171053, 37, 0.290094, 0.22281, 0.0434409, 39, 0.281832, 0.194606, 0.112723, 50, 0.280054, 0.208428, 0.140067, 36, 0.324768, 0.0646194, 0.187862, 14, 3.16121, 0.614071, -1.47028, 18, 2.46536, 0.675141, -1.25083, 31, 0.766692, 0.359203, 0.0487295, 33, 0.738686, -0.175191, -0.110527, 35, 0.740571, 0.301909, 0.290487, 46, 4.94275, -0.0248805, -2.52176, 13, 0.808264, 0.095891, -0.167132, 16, 0.73816, -0.0026839, -0.0634662, 17, 0.760732, -0.0583974, 0.183765, 21, 0.76683, 0.171668, -0.304713, 41, 2.35109, 0.3339, 1.00545, 5, 0.754835, -0.178537, 0.129645, 11, 0.742733, -0.192004, 0.177582, 19, 0.755266, -0.0619406, 0.233693, 25, 0.784452, 0.0765998, -0.214182, 7, 0.71046, -0.125051, -0.120046, 8, 0.745851, 0.303419, -0.227919, 20, 0.793272, 0.0469768, 0.30633, 47, 0.79535, 0.136803, 0.195086, 48, 0.787405, 0.210996, 0.223108
193589.92551492401981, 28, 0.728272, 0.0435016, 0.336502, 9, 0.442376, 0.275084, -0.198299, 22, 0.782233, -0.103526, 0.316483, 27, 0.314171, 0.261637, -0.106789, 32, 0.33422, 0.248162, -0.0916631, 2, 0.298573, 0.224482, 0.0170911, 34, 0.306965, 0.176098, 0.186998, 37, 0.287292, 0.220465, 0.0433465, 39, 0.291752, 0.203067, 0.116991, 50, 0.298516, 0.225051, 0.149803, 36, 0.375169, 0.0788531, 0.218049, 14, 1.61847, 0.302083, -0.742086, 18, 1.12001, 0.291919, -0.555635, 31, 0.766637, 0.359101, 0.0490704, 33, 0.737592, -0.174849, -0.110377, 35, 0.738703, 0.300875, 0.290104, 46, 3.67146, -0.0239153, -1.86756, 13, 0.809823, 0.0961184, -0.167305, 16, 0.737245, -0.00273394, -0.0632876, 17, 0.762206, -0.0586643, 0.184099, 21, 0.767808, 0.172069, -0.304836, 41, 0.709343, 0.0835669, 0.302188, 5, 0.755041, -0.17863, 0.129538, 11, 0.743659, -0.192281, 0.177648, 19, 0.755725, -0.0621537, 0.233787, 25, 0.784182, 0.0766318, -0.213947, 7, 0.711152, -0.125045, -0.1202, 8, 0.744769, 0.303082, -0.227279, 20, 0.793094, 0.0466619, 0.306299, 47, 0.795548, 0.136552, 0.195253, 48, 0.787546, 0.210768, 0.223359, 12, 0.729834, -0.137487, -0.0708346, 15, 0.721035, 0.435332, -0.10473, 29, 3.09493, -0.380683, -1.63606, 30, 2.89966, 1.88823, 0.606169, 38, 0.688283, 0.339451, 0.306092, 40, 2.7976, 1.94076, 0.863173, 43, 2.80191, 1.63721, -1.33312, 44, 0.714455, 0.378484, 0.199349
193589.95883128602873, 28, 0.740251, 0.0444254, 0.342371, 9, 0.39386, 0.241038, -0.173906, 27, 0.291583, 0.239864, -0.0975069, 32, 0.307285, 0.225041, -0.0826636, 2, 0.28745, 0.214786, 0.0169487, 34, 0.320228, 0.185512, 0.195653, 37, 0.279318, 0.213401, 0.0424878, 39, 0.292892, 0.204259, 0.117673, 50, 0.311273, 0.23667, 0.156598, 36, 0.423479, 0.0924795, 0.247087, 14, 0.532187, 0.0821354, -0.228731, 18, 0.441541, 0.0982544, -0.204503, 33, 0.738082, -0.174809, -0.110318, 13, 0.810495, 0.0962405, -0.167168, 16, 0.737252, -0.00273427, -0.0630966, 17, 0.760911, -0.0586833, 0.183917, 21, 0.768151, 0.172294, -0.304632, 41, 0.371524, 0.0321627, 0.157438, 5, 0.757172, -0.179071, 0.129915, 19, 0.756411, -0.0622752, 0.234117, 25, 0.786122, 0.0769552, -0.214257, 7, 0.712018, -0.125052, -0.12022, 8, 0.743577, 0.302765, -0.226612, 20, 0.793429, 0.0465624, 0.306664, 47, 0.794962, 0.136328, 0.195388, 48, 0.786845, 0.210511, 0.223536, 12, 0.731044, -0.137495, -0.0709399, 15, 0.72165, 0.436318, -0.104728, 29, 1.7035, -0.216308, -0.889422, 30, 0.625996, 0.377726, 0.134342, 38, 0.687757, 0.339703, 0.306294, 40, 0.470362, 0.293438, 0.146454, 43, 0.645879, 0.349555, -0.28972, 44, 0.712376, 0.377759, 0.199252
193589.99214762402698, 28, 0.7599, 0.0459553, 0.351512, 9, 0.365957, 0.221357, -0.159952, 27, 0.289725, 0.238126, -0.0967016, 32, 0.299422, 0.218273, -0.0800564, 2, 0.288618, 0.215887, 0.0170104, 34, 0.333472, 0.194709, 0.204138, 37, 0.274387, 0.208903, 0.0418618, 39, 0.301796, 0.211748, 0.121355, 50, 0.328864, 0.252429, 0.165749, 36, 0.472939, 0.106215, 0.276673, 14, 0.528756, 0.0816118, -0.227145, 18, 0.477381, 0.108698, -0.22305, 33, 0.739214, -0.174919, -0.110613, 13, 0.811689, 0.0964024, -0.167395, 16, 0.740066, -0.00273392, -0.0634339, 17, 0.762694, -0.0589123, 0.184164, 21, 0.767995, 0.172361, -0.30447, 41, 0.512727, 0.0535235, 0.217999, 5, 0.759649, -0.179605, 0.130033, 19, 0.755187, -0.0623495, 0.233519, 25, 0.787341, 0.0771341, -0.214596, 7, 0.712422, -0.125018, -0.120384, 8, 0.743584, 0.302968, -0.226587, 20, 0.793908, 0.0463934, 0.306763, 47, 0.795027, 0.136137, 0.195415, 48, 0.7857, 0.210031, 0.223315, 12, 0.732371, -0.13765, -0.0712752, 15, 0.719198, 0.435213, -0.104262, 29, 0.685467, -0.0971246, -0.342905, 30, 0.271212, 0.140878, 0.0602428, 38, 0.685445, 0.338805, 0.305732, 40, 0.256241, 0.141055, 0.080103, 43, 0.274532, 0.126654, -0.109616, 44, 0.710534, 0.377028, 0.199092, 11, 0.749968, -0.192588, 0.17745, 22, 3.2571, -0.371411, 1.31808, 31, 0.760249, 0.357888, 0.0492161, 35, 0.735067, 0.301308, 0.290821, 46, 3.14022, -0.0120631, -1.59522
193590.02546395201352, 28, 0.809989, 0.0503437, 0.374055, 9, 0.361485, 0.218086, -0.158213, 27, 0.305685, 0.253698, -0.103569, 32, 0.307719, 0.225426, -0.0832171, 2, 0.299511, 0.225579, 0.0168972, 34, 0.351866, 0.207404, 0.215309, 37, 0.284849, 0.218453, 0.042814, 39, 0.317477, 0.224803, 0.127283, 50, 0.354614, 0.275434, 0.178558, 36, 0.514633, 0.117786, 0.301006, 14, 0.581899, 0.092337, -0.252802, 18, 0.521181, 0.121161, -0.246206, 33, 0.742191, -0.175529, -0.111681, 13, 0.812146, 0.0962919, -0.168155, 16, 0.741091, -0.00287675, -0.0641896, 17, 0.764259, -0.0590473, 0.183714, 21, 0.768192, 0.172301, -0.305225, 41, 0.580627, 0.0636628, 0.246479, 19, 0.756779, -0.062461, 0.233155, 25, 0.786751, 0.0768905, -0.21507, 7, 0.714446, -0.125353, -0.12134, 8, 0.743259, 0.302846, -0.227253, 20, 0.794267, 0.0463559, 0.306036, 47, 0.795683, 0.136108, 0.194812, 48, 0.78525, 0.209785, 0.222467, 12, 0.733986, -0.137935, -0.0720918, 15, 0.716301, 0.433675, -0.104569, 29, 0.685377, -0.0970069, -0.343371, 30, 0.358322, 0.198962, 0.0780271, 38, 0.684265, 0.338431, 0.304736, 40, 0.324748, 0.189737, 0.100919, 43, 0.362925, 0.179693, -0.152998, 44, 0.708587, 0.376123, 0.198029, 11, 0.751279, -0.192845, 0.176817, 22, 3.3187, -0.378116, 1.34139, 31, 0.760125, 0.357688, 0.0485107, 35, 0.735468, 0.301416, 0.290408, 46, 2.37472, -0.014363, -1.20225
193590.05878028602456, 28, 0.817868, 0.0510264, 0.378127, 9, 0.356931, 0.214861, -0.155872, 27, 0.311313, 0.259309, -0.105799, 32, 0.305989, 0.223973, -0.0826304, 2, 0.291579, 0.218491, 0.0166569, 34, 0.347612, 0.204538, 0.212739, 39, 0.314127, 0.222089, 0.125982, 50, 0.359591, 0.280091, 0.181267, 36, 0.522977, 0.120199, 0.306272, 14, 0.600804, 0.0962167, -0.261482, 18, 0.542192, 0.127222, -0.256828, 13, 0.812709, 0.0962745, -0.167965, 16, 0.742326, -0.00294663, -0.0640915, 17, 0.764578, -0.059125, 0.183944, 21, 0.76767, 0.172134, -0.304639, 41, 0.600375, 0.0666999, 0.25518, 19, 0.757541, -0.0625426, 0.233556, 25, 0.787914, 0.0769663, -0.215095, 7, 0.716293, -0.125566, -0.121435, 8, 0.740913, 0.301866, -0.22624, 20, 0.794063, 0.0463049, 0.306263, 47, 0.794879, 0.135879, 0.194929, 48, 0.782821, 0.209076, 0.222173, 12, 0.736956, -0.138374, -0.0722335, 29, 0.779347, -0.107622, -0.393356, 30, 0.357517, 0.198553, 0.0779044, 40, 0.324821, 0.189938, 0.100985, 43, 0.371994, 0.185188, -0.157348, 11, 0.751843, -0.192913, 0.177018, 22, 1.86217, -0.220206, 0.752551, 31, 0.758419, 0.357098, 0.0487534, 35, 0.732683, 0.300516, 0.289922, 46, 1.50943, -0.0166747, -0.753942, 5, 0.765195, -0.17951, 0.128636
193590.0920966520207, 28, 0.832184, 0.0526371, 0.384002, 9, 0.364996, 0.220598, -0.160645, 27, 0.316123, 0.264087, -0.108431, 32, 0.313874, 0.230968, -0.0858988, 2, 0.295321, 0.221984, 0.0161555, 34, 0.348064, 0.205006, 0.212379, 39, 0.317874, 0.225395, 0.126902, 50, 0.351263, 0.272639, 0.176204, 36, 0.525512, 0.121161, 0.307103, 14, 0.639356, 0.103776, -0.280404, 18, 0.5755, 0.13652, -0.27477, 21, 0.767446, 0.171757, -0.305388, 41, 0.623596, 0.0704419, 0.264439, 25, 0.788548, 0.0767275, -0.216024, 7, 0.717882, -0.125953, -0.122221, 8, 0.739874, 0.301288, -0.226933, 20, 0.794719, 0.0465666, 0.305692, 47, 0.794982, 0.135951, 0.194124, 48, 0.7822, 0.209027, 0.221166, 12, 0.737747, -0.138602, -0.0728612, 29, 0.877022, -0.119266, -0.446285, 30, 0.36536, 0.203888, 0.0789241, 40, 0.329468, 0.193367, 0.101828, 43, 0.395284, 0.199087, -0.16937, 11, 0.753032, -0.192941, 0.176668, 22, 1.93246, -0.227067, 0.780175, 31, 0.757419, 0.356748, 0.0476726, 35, 0.731318, 0.300381, 0.288624, 46, 1.34031, -0.0179423, -0.66763, 5, 0.765523, -0.179557, 0.127993, 15, 2.90991, 1.91418, -0.476532, 33, 0.746702, -0.17556, -0.112348, 38, 0.678574, 0.339161, 0.303896, 44, 0.703711, 0.376198, 0.197457
193590.12541298600263, 9, 0.348096, 0.208188, -0.153193, 27, 0.312687, 0.260632, -0.108145, 32, 0.310236, 0.227666, -0.0857291, 2, 0.302515, 0.228635, 0.0153805, 39, 0.340672, 0.245088, 0.135208, 50, 0.366196, 0.286552, 0.182802, 14, 0.600768, 0.0954454, -0.263341, 18, 0.544635, 0.127196, -0.259978, 29, 0.692122, -0.0983722, -0.347891, 30, 0.379055, 0.213134, 0.0807208, 40, 0.348698, 0.207238, 0.106791, 43, 0.377701, 0.188239, -0.161913, 22, 8.49624, -0.929663, 3.42775, 31, 0.755424, 0.355907, 0.045661, 35, 0.731739, 0.301037, 0.286919, 46, 0.373044, -0.0211068, -0.167125, 5, 0.766314, -0.179414, 0.126863, 15, 1.3, 0.830313, -0.20935, 33, 0.796854, -0.186587, -0.122286, 38, 0.678402, 0.339014, 0.30116, 44, 0.702047, 0.375229, 0.1946, 13, 0.811738, 0.0943694, -0.171572, 16, 0.742601, -0.00487116, -0.0675696, 17, 0.773297, -0.0597343, 0.18075, 19, 0.761216, -0.0623456, 0.229201
193590.15872931902413, 9, 0.334729, 0.198375, -0.146359, 32, 0.314761, 0.231727, -0.0873154, 39, 0.356516, 0.258698, 0.141695, 14, 0.588803, 0.0928876, -0.257448, 18, 0.536885, 0.124853, -0.255771, 29, 0.625767, -0.0906265, -0.311811, 30, 0.390132, 0.220537, 0.0830219, 40, 0.359785, 0.215162, 0.110214, 43, 0.371853, 0.184621, -0.159014, 22, 18.8916, -2.04097, 7.62497, 31, 0.754973, 0.35576, 0.045683, 35, 0.732198, 0.30129, 0.287117, 46, 0.391698, -0.0212201, -0.176793, 5, 0.767587, -0.179632, 0.127054, 15, 0.364444, 0.199485, -0.0474755, 33, 0.816706, -0.190863, -0.125481, 38, 0.677684, 0.338443, 0.300604, 44, 0.702698, 0.375608, 0.194794, 13, 0.811173, 0.0942796, -0.17082, 16, 0.743816, -0.00490196, -0.0671032, 17, 0.772639, -0.0596179, 0.180931, 19, 0.762863, -0.062338, 0.230123, 7, 0.722071, -0.126884, -0.124091, 8, 0.737474, 0.301459, -0.230072, 11, 0.756743, -0.192385, 0.174767, 12, 0.741195, -0.139318, -0.0744579, 20, 0.796557, 0.0469224, 0.302293, 21, 0.765765, 0.170834, -0.307654, 25, 0.785276, 0.0750172, -0.217126, 28, 3.19936, 0.277523, 1.47902, 34, 2.54857, 1.80159, 1.6272, 36, 2.94676, 0.827294, 1.75937, 41, 3.22117, 0.480221, 1.3728, 47, 0.794745, 0.135207, 0.191259, 48, 0.782495, 0.208927, 0.218576
193590.19219562402577, 9, 0.350342, 0.209741, -0.153731, 39, 0.373684, 0.273486, 0.149458, 14, 0.60649, 0.0965462, -0.264855, 18, 0.561202, 0.131948, -0.267499, 29, 0.658133, -0.0941419, -0.328282, 30, 0.4118, 0.235138, 0.0882581, 40, 0.375059, 0.226128, 0.115617, 43, 0.396834, 0.199827, -0.17062, 22, 27.7695, -2.99995, 11.2414, 31, 0.755004, 0.35571, 0.0468015, 35, 0.732785, 0.30145, 0.288464, 46, 0.478344, -0.0209389, -0.221045, 5, 0.768756, -0.179987, 0.127919, 15, 0.489943, 0.284175, -0.0684237, 33, 0.81716, -0.190846, -0.124559, 38, 0.67808, 0.338522, 0.301912, 44, 0.701576, 0.374841, 0.195686, 13, 0.810935, 0.0941686, -0.169328, 16, 0.745069, -0.00499915, -0.0661051, 17, 0.773453, -0.0598963, 0.182085, 19, 0.765424, -0.0627387, 0.231887, 7, 0.723086, -0.126977, -0.123263, 8, 0.736445, 0.300844, -0.228182, 11, 0.757861, -0.192866, 0.175837, 12, 0.742696, -0.139573, -0.0736951, 20, 0.796925, 0.0465986, 0.303684, 21, 0.765385, 0.170643, -0.305888, 25, 0.78532, 0.0749023, -0.21571, 28, 3.01455, 0.258616, 1.39916, 34, 2.20399, 1.55336, 1.41259, 36, 2.83963, 0.795949, 1.70269, 41, 3.17677, 0.472015, 1.36021, 47, 0.795322, 0.135024, 0.192661, 48, 0.783007, 0.208802, 0.220062
193590.22551198600559, 39, 0.388008, 0.285937, 0.156415, 14, 0.617597, 0.0989303, -0.268561, 18, 0.579653, 0.13742, -0.275576, 29, 0.691287, -0.0975342, -0.344579, 30, 0.430247, 0.24766, 0.0931983, 40, 0.389386, 0.236535, 0.121088, 31, 0.755214, 0.355731, 0.0485141, 35, 0.730625, 0.300268, 0.289292, 46, 0.520036, -0.0205315, -0.241384, 15, 0.427127, 0.241558, -0.0565284, 33, 0.775999, -0.181774, -0.116082, 38, 0.677273, 0.337988, 0.303267, 44, 0.701522, 0.374753, 0.197442, 13, 0.812316, 0.0943024, -0.167815, 16, 0.747379, -0.00508521, -0.0648385, 17, 0.772446, -0.0601522, 0.183201, 19, 0.76468, -0.0630402, 0.233014, 7, 0.723837, -0.12699, -0.122039, 8, 0.736003, 0.300544, -0.2262, 11, 0.758945, -0.193306, 0.177168, 12, 0.742589, -0.1395, -0.0723894, 20, 0.797658, 0.0462492, 0.305445, 21, 0.766299, 0.170853, -0.304334, 25, 0.786859, 0.0750538, -0.214426, 28, 4.83187, 0.427906, 2.25814, 34, 1.16288, 0.797102, 0.742325, 36, 4.23067, 1.20137, 2.55511, 41, 4.40264, 0.663072, 1.89721, 47, 0.795671, 0.134773, 0.194333, 48, 0.783804, 0.208783, 0.221969, 32, 2.53383, 2.27694, -0.853572
193590.25882831902709, 39, 0.392567, 0.289686, 0.158346, 14, 0.626283, 0.100819, -0.272654, 18, 0.598451, 0.143064, -0.28535, 29, 0.708594, -0.0992848, -0.354002, 30, 0.445799, 0.258174, 0.0965778, 40, 0.398059, 0.242732, 0.123881, 31, 0.755129, 0.355624, 0.0485472, 35, 0.729882, 0.299665, 0.288891, 46, 0.570854, -0.0201995, -0.267683, 15, 0.422719, 0.23859, -0.0556226, 33, 0.776301, -0.181738, -0.11629, 38, 0.677502, 0.337951, 0.303352, 44, 0.701586, 0.374696, 0.197572, 13, 0.813034, 0.0943384, -0.167937, 16, 0.747824, -0.00522111, -0.0649302, 17, 0.772068, -0.060299, 0.182735, 19, 0.765502, -0.0632493, 0.232866, 7, 0.724722, -0.127089, -0.122307, 8, 0.735711, 0.300512, -0.226056, 11, 0.76148, -0.193867, 0.177233, 12, 0.74126, -0.139258, -0.0723923, 20, 0.798791, 0.0460386, 0.305439, 21, 0.765975, 0.17083, -0.304197, 25, 0.788065, 0.0751217, -0.214779, 28, 5.60011, 0.497876, 2.61592, 34, 0.205258, 0.0984471, 0.118218, 36, 5.30209, 1.51255, 3.20517, 41, 4.49542, 0.675871, 1.9357, 47, 0.796503, 0.1346, 0.194339, 48, 0.785361, 0.208936, 0.222269, 32, 0.479792, 0.384014, -0.141449, 5, 0.773232, -0.180453, 0.128012, 9, 2.61902, 1.91498, -1.35106, 22, 3.27224, -0.373856, 1.31018, 43, 2.76909, 1.68163, -1.37041, 51, 2.91748, -1.96582, -0.43283, 52, 0.83181, 0.0464572, 0.0429883, 53, 0.81217, 0.183337, -0.0512806, 54, 0.782994, 0.31128, 0.0269266, 55, 0.807892, 0.18495, -0.10288, 56, 0.781285, 0.311096, 0.0785573, 57, 0.759568, -0.00470722, -0.0178602, 58, 2.95516, -1.95904, -0.0620487, 59, 0.802395, 0.181769, 0.162047, 60, 0.84507, 0.0924094, 0.0945631, 61, 0.82764, 0.137659, -0.085202, 62, 2.98535, -0.96149, 1.65419, 63, 0.730048, 0.383408, -0.109854, 64, 0.73472, -0.097694, -0.0472424, 65, 2.87636, -1.9661, 0.667784
193590.29214462902746, 39, 0.414404, 0.308406, 0.165725, 14, 0.62245, 0.0996652, -0.272696, 18, 0.590534, 0.140458, -0.283105, 29, 0.655083, -0.0936141, -0.326765, 30, 0.488391, 0.287117, 0.103902, 40, 0.437049, 0.271026, 0.13456, 15, 0.485247, 0.280903, -0.0678686, 33, 0.814447, -0.190231, -0.124729, 44, 0.701947, 0.374756, 0.195121, 13, 0.810992, 0.093751, -0.169634, 16, 0.747188, -0.00544522, -0.0666887, 7, 0.725868, -0.127456, -0.124125, 8, 0.734106, 0.299695, -0.227999, 11, 0.763118, -0.19364, 0.175549, 12, 0.743355, -0.139695, -0.0742958, 21, 0.764001, 0.170015, -0.305817, 25, 0.787125, 0.0746317, -0.216656, 34, 0.263097, 0.140252, 0.15461, 32, 0.338692, 0.253538, -0.0930287, 5, 0.774757, -0.180363, 0.126189, 9, 0.277327, 0.155571, -0.112718, 22, 0.905894, -0.114864, 0.355695, 43, 0.285799, 0.131058, -0.111826, 51, 0.36308, -0.237671, -0.0377714, 52, 0.831343, 0.0462543, 0.0407182, 53, 0.813836, 0.183481, -0.0537948, 54, 0.782153, 0.310455, 0.0243883, 55, 0.808755, 0.184825, -0.105307, 56, 0.781821, 0.310864, 0.0759897, 57, 0.76001, -0.00489967, -0.0197628, 58, 0.537314, -0.349908, -0.00133593, 59, 0.803182, 0.181725, 0.159457, 60, 0.846729, 0.0924729, 0.0923126, 61, 0.829165, 0.137634, -0.087722, 62, 0.911571, -0.297467, 0.49294, 63, 0.728191, 0.381927, -0.111934, 64, 0.738388, -0.0982346, -0.0492671, 65, 0.577436, -0.387317, 0.134604
193590.32546098600142, 39, 0.413635, 0.307577, 0.165958, 14, 0.635015, 0.102367, -0.278016, 30, 0.544338, 0.325515, 0.116224, 40, 0.486233, 0.307127, 0.150523, 33, 0.82792, -0.193056, -0.126523, 44, 0.700661, 0.373851, 0.195495, 13, 0.811262, 0.0937754, -0.168841, 16, 0.747432, -0.00551765, -0.0660071, 7, 0.725258, -0.127296, -0.123342, 8, 0.732886, 0.299226, -0.226817, 12, 0.745932, -0.140077, -0.0740112, 21, 0.763679, 0.170048, -0.304878, 25, 0.787813, 0.0747137, -0.216053, 34, 0.293871, 0.162396, 0.174786, 32, 0.432663, 0.340638, -0.12569, 5, 0.77891, -0.181142, 0.127307, 9, 0.394083, 0.24359, -0.174613, 22, 0.490237, -0.0693285, 0.190927, 43, 0.417149, 0.213354, -0.178585, 51, 0.634589, -0.420835, -0.0802582, 52, 0.833465, 0.0463388, 0.041634, 53, 0.813936, 0.183444, -0.0528915, 54, 0.782901, 0.310609, 0.0252516, 55, 0.809662, 0.185051, -0.104525, 56, 0.781943, 0.310718, 0.0767949, 57, 0.761313, -0.0049192, -0.0190245, 58, 0.873163, -0.572597, -0.0107617, 59, 0.804463, 0.181818, 0.1604, 60, 0.847844, 0.0924715, 0.0932262, 61, 0.8281, 0.137347, -0.0866766, 63, 0.727448, 0.381559, -0.110976, 64, 0.738873, -0.0982663, -0.0485643, 17, 0.777546, -0.0603058, 0.180992, 19, 0.772515, -0.0629529, 0.231336, 20, 0.805605, 0.0467056, 0.303572, 28, 3.21576, 0.272731, 1.46839, 31, 0.752572, 0.354512, 0.0457577, 35, 0.735318, 0.30114, 0.286259, 36, 2.96323, 0.827388, 1.75218, 38, 0.680921, 0.339241, 0.30064, 41, 3.23722, 0.475478, 1.36258, 46, 3.12578, -0.0294377, -1.64593, 47, 0.802313, 0.135094, 0.192783, 48, 0.788238, 0.208985, 0.219775
193590.35877731902292, 14, 0.681527, 0.112059, -0.301471, 30, 0.598193, 0.362555, 0.126989, 40, 0.531631, 0.340504, 0.164292, 33, 0.828104, -0.193083, -0.127295, 44, 0.699657, 0.373158, 0.194471, 13, 0.811278, 0.0937187, -0.169529, 7, 0.725707, -0.127387, -0.124023, 8, 0.732529, 0.299237, -0.227514, 12, 0.747711, -0.140376, -0.0748606, 21, 0.763475, 0.170036, -0.305624, 25, 0.786319, 0.074443, -0.216314, 34, 0.316915, 0.178903, 0.189262, 32, 0.512651, 0.415165, -0.154482, 5, 0.782088, -0.181612, 0.126957, 9, 0.460807, 0.294209, -0.210826, 22, 0.606588, -0.0819019, 0.236132, 43, 0.497426, 0.263876, -0.220212, 51, 0.71855, -0.477092, -0.0941728, 52, 0.83574, 0.046482, 0.0409751, 53, 0.812516, 0.183, -0.0534738, 54, 0.784056, 0.31108, 0.0245567, 55, 0.81007, 0.185133, -0.105286, 56, 0.782438, 0.310849, 0.0760906, 57, 0.763009, -0.00497803, -0.0197253, 58, 0.92894, -0.609096, -0.013406, 59, 0.806663, 0.182267, 0.159998, 60, 0.848727, 0.092493, 0.0925276, 61, 0.828235, 0.137317, -0.0874121, 63, 0.726661, 0.381214, -0.11154, 64, 0.740527, -0.0984313, -0.0493076, 17, 0.782211, -0.0606501, 0.181185, 19, 0.776049, -0.0632241, 0.231567, 20, 0.807587, 0.0467647, 0.303466, 28, 2.13169, 0.171792, 0.968879, 31, 0.753605, 0.354919, 0.0452504, 35, 0.736058, 0.301396, 0.285937, 36, 3.1682, 0.886193, 1.87059, 38, 0.682095, 0.339879, 0.300606, 41, 2.28427, 0.326778, 0.957426, 46, 0.884836, -0.0227011, -0.437753, 47, 0.803026, 0.134976, 0.192216, 48, 0.789019, 0.20892, 0.21933, 11, 0.771762, -0.194447, 0.176057, 15, 2.89762, 1.93994, -0.520406, 29, 3.073, -0.384818, -1.70411, 65, 2.88496, -1.96978, 0.644282
193590.39209362401743, 14, 0.720373, 0.120047, -0.320071, 30, 0.63766, 0.389871, 0.135526, 40, 0.578863, 0.375485, 0.179358, 33, 0.827973, -0.193012, -0.126813, 44, 0.698111, 0.372276, 0.194362, 13, 0.811953, 0.093695, -0.169152, 7, 0.726867, -0.127576, -0.123776, 8, 0.732575, 0.2992, -0.227124, 12, 0.749545, -0.140677, -0.0746558, 21, 0.763789, 0.169991, -0.305248, 25, 0.78628, 0.0742953, -0.215773, 34, 0.35221, 0.204541, 0.212236, 32, 0.560411, 0.45963, -0.171151, 5, 0.784114, -0.181951, 0.127553, 9, 0.509402, 0.330945, -0.236627, 22, 0.615616, -0.0827917, 0.239839, 43, 0.543991, 0.293071, -0.243819, 52, 0.83689, 0.0464812, 0.0414494, 53, 0.812596, 0.18286, -0.0530107, 54, 0.784269, 0.311063, 0.0249869, 55, 0.809893, 0.184953, -0.10476, 56, 0.783387, 0.311191, 0.0765797, 57, 0.764353, -0.00511325, -0.0193447, 59, 0.807836, 0.182446, 0.16057, 60, 0.849268, 0.0924364, 0.0929757, 61, 0.828983, 0.137332, -0.0870288, 63, 0.727419, 0.381643, -0.111261, 64, 0.741753, -0.0986192, -0.0489919, 17, 0.785018, -0.0608761, 0.181997, 19, 0.777943, -0.0634193, 0.232293, 20, 0.80743, 0.0466878, 0.303688, 28, 0.589403, 0.0306401, 0.264747, 31, 0.754126, 0.355135, 0.0457162, 35, 0.734552, 0.30073, 0.285826, 36, 1.85334, 0.504865, 1.09034, 38, 0.683058, 0.340542, 0.301614, 41, 0.562409, 0.0606018, 0.233755, 46, 0.679323, -0.0219293, -0.325674, 47, 0.804041, 0.135034, 0.192768, 48, 0.790058, 0.209079, 0.219975, 11, 0.773837, -0.194705, 0.176479, 15, 0.607959, 0.366153, -0.0876987, 29, 0.466083, -0.0689789, -0.219337, 65, 1.27457, -0.861012, 0.287564, 16, 0.750653, -0.00640573, -0.0663159
193590.42540992400609, 14, 0.732019, 0.122081, -0.325648, 30, 0.679014, 0.418639, 0.143835, 40, 0.619865, 0.406048, 0.19188, 33, 0.838325, -0.195429, -0.128311, 44, 0.697467, 0.372075, 0.193965, 13, 0.812729, 0.0935316, -0.16909, 7, 0.727749, -0.127842, -0.123529, 8, 0.731546, 0.29849, -0.226834, 12, 0.750742, -0.140965, -0.0744225, 21, 0.764191, 0.169745, -0.305306, 25, 0.787115, 0.0740664, -0.215783, 34, 0.381953, 0.226307, 0.231216, 5, 0.785589, -0.182065, 0.128032, 43, 0.575182, 0.312565, -0.26014, 52, 0.837501, 0.0464484, 0.0416644, 53, 0.813259, 0.182844, -0.0529606, 54, 0.784083, 0.310906, 0.0249453, 55, 0.809849, 0.184717, -0.104621, 56, 0.784603, 0.311708, 0.0766232, 57, 0.764091, -0.00526725, -0.0190477, 59, 0.808149, 0.182518, 0.16061, 60, 0.850254, 0.0925087, 0.0931819, 61, 0.829886, 0.137291, -0.0869854, 63, 0.726361, 0.380965, -0.111182, 64, 0.743227, -0.0988758, -0.0487676, 17, 0.786436, -0.0608595, 0.1824, 19, 0.778501, -0.0632982, 0.232508, 20, 0.808252, 0.0469313, 0.303959, 28, 0.417782, 0.0152595, 0.186586, 31, 0.753608, 0.354865, 0.0456734, 35, 0.735282, 0.301284, 0.286048, 36, 0.354495, 0.0704401, 0.199807, 38, 0.682572, 0.34051, 0.301318, 41, 0.363445, 0.0301245, 0.150432, 47, 0.804265, 0.135053, 0.192831, 48, 0.789846, 0.209033, 0.219903, 11, 0.776181, -0.194945, 0.177119, 15, 0.576574, 0.344619, -0.0817822, 16, 0.752322, -0.00656923, -0.0662781, 51, 2.91242, -1.97336, -0.471249, 58, 2.95779, -1.96482, -0.0959172
193590.45872631901875, 30, 0.695657, 0.430509, 0.145733, 40, 0.637024, 0.419196, 0.195736, 33, 0.843436, -0.196883, -0.129475, 44, 0.696193, 0.371696, 0.192217, 13, 0.812053, 0.0930094, -0.169668, 7, 0.730371, -0.128577, -0.124304, 8, 0.73069, 0.297742, -0.227837, 12, 0.753235, -0.141593, -0.0749871, 21, 0.765103, 0.169352, -0.306758, 25, 0.785422, 0.0733174, -0.215973, 34, 0.380343, 0.225394, 0.229163, 5, 0.786111, -0.181787, 0.127813, 43, 0.610467, 0.334527, -0.280221, 52, 0.837015, 0.0464348, 0.0409517, 53, 0.813833, 0.182823, -0.0539917, 54, 0.784412, 0.311088, 0.0236986, 55, 0.810051, 0.18452, -0.105631, 56, 0.784059, 0.311593, 0.075313, 57, 0.763689, -0.00537777, -0.0195578, 59, 0.808792, 0.182921, 0.159675, 60, 0.851087, 0.0927437, 0.0924081, 61, 0.829953, 0.137056, -0.0878855, 63, 0.726131, 0.38076, -0.112565, 64, 0.744122, -0.0991272, -0.0491673, 17, 0.789463, -0.0606674, 0.182432, 19, 0.780187, -0.0628992, 0.232377, 20, 0.808654, 0.0475855, 0.303167, 28, 0.539796, 0.0269027, 0.241525, 31, 0.753786, 0.35511, 0.044357, 35, 0.736228, 0.302246, 0.285094, 36, 0.361947, 0.0730523, 0.203601, 38, 0.68207, 0.340835, 0.29973, 41, 0.73755, 0.0885327, 0.306506, 47, 0.804869, 0.135511, 0.19199, 48, 0.790298, 0.209534, 0.218903, 11, 0.776485, -0.194506, 0.176863, 15, 0.65197, 0.396719, -0.0977472, 16, 0.752562, -0.00676221, -0.0668201, 51, 0.654755, -0.428807, -0.0821118, 58, 1.22427, -0.80248, -0.0252965, 9, 2.58949, 1.91982, -1.41833, 22, 0.752106, -0.0963281, 0.291082, 32, 2.51141, 2.29451, -0.912411, 65, 2.89082, -1.97185, 0.633071
193590.49204265201115, 30, 0.711659, 0.442084, 0.149079, 40, 0.654131, 0.432523, 0.201117, 33, 0.846192, -0.19768, -0.128891, 44, 0.695252, 0.371581, 0.192196, 7, 0.731475, -0.12894, -0.123588, 8, 0.731307, 0.297676, -0.227708, 12, 0.754164, -0.141874, -0.0741725, 21, 0.76927, 0.169938, -0.307962, 25, 0.785096, 0.0728885, -0.215071, 34, 0.374643, 0.221691, 0.225655, 5, 0.787766, -0.181985, 0.128994, 52, 0.837465, 0.0464443, 0.0417328, 53, 0.813347, 0.18255, -0.0533727, 54, 0.784809, 0.311299, 0.0240629, 55, 0.809961, 0.184266, -0.105032, 56, 0.783005, 0.311252, 0.0755992, 57, 0.764062, -0.00549679, -0.0188245, 59, 0.80915, 0.183183, 0.160291, 60, 0.851574, 0.0928604, 0.0931628, 61, 0.829785, 0.13681, -0.0871935, 63, 0.726437, 0.380836, -0.112428, 64, 0.745158, -0.0993735, -0.0484139, 17, 0.789889, -0.0605394, 0.183305, 19, 0.780866, -0.0627126, 0.233389, 20, 0.809206, 0.048011, 0.304148, 28, 0.613549, 0.0340916, 0.275657, 31, 0.754093, 0.355433, 0.044645, 35, 0.736542, 0.302966, 0.285667, 36, 0.495024, 0.112263, 0.282781, 38, 0.682095, 0.341534, 0.300137, 41, 0.772198, 0.0941296, 0.321552, 47, 0.805158, 0.135769, 0.192677, 48, 0.790509, 0.209905, 0.219499, 11, 0.777977, -0.194682, 0.178139, 15, 0.698299, 0.428665, -0.106745, 16, 0.751977, -0.00698156, -0.0660195, 51, 0.875187, -0.580311, -0.118369, 58, 1.29073, -0.847234, -0.0255347, 9, 1.63624, 1.19107, -0.877131, 22, 0.751784, -0.0958994, 0.291939, 32, 1.769, 1.59616, -0.630929, 65, 2.1022, -1.42785, 0.467205
193590.52550892802537, 40, 0.669489, 0.444135, 0.20389, 33, 0.845955, -0.197952, -0.129637, 7, 0.733067, -0.129489, -0.124639, 12, 0.756702, -0.142508, -0.0752529, 34, 0.366615, 0.215975, 0.219241, 5, 0.788187, -0.181699, 0.128258, 52, 0.836822, 0.0464157, 0.0404702, 57, 0.764761, -0.00559179, -0.0198804, 60, 0.852751, 0.0931087, 0.0918739, 64, 0.744699, -0.0994281, -0.0491537, 17, 0.791994, -0.0603052, 0.182659, 19, 0.784651, -0.062481, 0.233336, 20, 0.810232, 0.0486593, 0.303077, 28, 0.667852, 0.0396785, 0.299107, 35, 0.73771, 0.303836, 0.284264, 36, 0.571736, 0.135166, 0.326765, 38, 0.683189, 0.342467, 0.29875, 41, 0.771916, 0.0945311, 0.319806, 47, 0.806484, 0.136289, 0.191492, 48, 0.792439, 0.210769, 0.218369, 11, 0.776891, -0.193916, 0.177139, 15, 0.748093, 0.462637, -0.118385, 51, 0.720928, -0.474739, -0.0922761, 58, 0.819178, -0.530145, -0.00768125, 9, 1.21503, 0.867995, -0.641255, 22, 0.753071, -0.0953867, 0.291493, 32, 1.53474, 1.37383, -0.546739, 65, 0.586309, -0.380328, 0.137476, 43, 2.75085, 1.6723, -1.44383
193590.55882528601796, 33, 0.846387, -0.198282, -0.129123, 7, 0.734591, -0.129921, -0.124438, 12, 0.757224, -0.14271, -0.0748191, 34, 0.384829, 0.229779, 0.230484, 5, 0.788439, -0.181514, 0.128823, 52, 0.83424, 0.0462645, 0.0406475, 57, 0.765018, -0.00564686, -0.0195904, 60, 0.853628, 0.0933051, 0.0920959, 64, 0.747406, -0.0998417, -0.0489822, 17, 0.794732, -0.060212, 0.183601, 19, 0.787626, -0.0623398, 0.234552, 20, 0.81037, 0.0491288, 0.303324, 28, 0.716278, 0.0446242, 0.321171, 36, 0.610752, 0.147111, 0.349659, 41, 0.769703, 0.0946695, 0.318917, 47, 0.807442, 0.136728, 0.191769, 48, 0.792646, 0.211109, 0.218366, 11, 0.775877, -0.193371, 0.177507, 51, 0.633086, -0.414487, -0.076451, 58, 0.673377, -0.431965, -0.00111102, 22, 0.752737, -0.0949534, 0.291898, 65, 0.51611, -0.331961, 0.123104, 43, 0.541805, 0.290941, -0.241417, 8, 0.734852, 0.297408, -0.228697, 21, 3.15371, 0.766423, -1.4108, 30, 2.90775, 1.94696, 0.562039, 31, 0.75788, 0.355244, 0.0433372, 44, 2.99226, 1.73502, 0.788582, 53, 0.816892, 0.182291, -0.0542493, 54, 0.783658, 0.30903, 0.022799, 55, 0.81366, 0.183884, -0.105844, 56, 0.785455, 0.310749, 0.0742535, 59, 0.811514, 0.183151, 0.158706, 63, 0.728082, 0.379322, -0.112934
193590.59214162401622, 33, 0.845574, -0.198144, -0.128337, 7, 0.734617, -0.129915, -0.123839, 12, 0.756721, -0.142596, -0.0741798, 52, 0.834078, 0.046293, 0.0411672, 57, 0.766562, -0.0056127, -0.0191666, 60, 0.855088, 0.0935183, 0.0927052, 64, 0.747753, -0.0998536, -0.0484606, 17, 0.795961, -0.0601713, 0.184351, 19, 0.785972, -0.0620828, 0.234544, 47, 0.807894, 0.136888, 0.192282, 48, 0.793849, 0.211543, 0.219036, 11, 0.775154, -0.193029, 0.177915, 51, 0.599469, -0.391312, -0.070178, 58, 0.623469, -0.398326, 0.00139421, 22, 0.753749, -0.0948848, 0.292819, 65, 0.549283, -0.355216, 0.131002, 43, 0.503942, 0.266969, -0.220401, 8, 0.73591, 0.297681, -0.22881, 21, 0.628257, 0.133713, -0.241057, 30, 0.491224, 0.288686, 0.105344, 31, 0.759602, 0.356053, 0.043448, 44, 0.620831, 0.325748, 0.170118, 53, 0.817342, 0.182397, -0.0539695, 54, 0.785378, 0.309708, 0.0229504, 55, 0.814694, 0.184127, -0.105706, 56, 0.786043, 0.310973, 0.0744085, 59, 0.810806, 0.183087, 0.158805, 63, 0.730827, 0.38065, -0.113334, 9, 2.60875, 1.89148, -1.43591, 15, 2.91699, 1.92295, -0.561002, 32, 2.53277, 2.27289, -0.934361, 35, 0.744175, 0.305287, 0.284644, 38, 0.687616, 0.342759, 0.298108, 40, 2.80469, 2.00644, 0.825026
193590.62545798602514, 7, 0.735014, -0.130201, -0.124899, 12, 0.755982, -0.142592, -0.0750803, 52, 0.832902, 0.0462718, 0.0397368, 57, 0.765212, -0.00563008, -0.0202687, 64, 0.746739, -0.0997934, -0.0493839, 11, 0.775043, -0.192569, 0.176818, 51, 0.518028, -0.334641, -0.0566006, 58, 0.507636, -0.319423, 0.00555743, 65, 0.506291, -0.32506, 0.121401, 43, 0.529599, 0.282542, -0.235612, 8, 0.73555, 0.297134, -0.230419, 21, 0.561596, 0.117132, -0.211479, 30, 0.199247, 0.0900905, 0.050508, 31, 0.760775, 0.356011, 0.0415798, 44, 0.708841, 0.37674, 0.190389, 53, 0.816943, 0.182172, -0.0555592, 54, 0.786886, 0.309893, 0.0210784, 55, 0.814857, 0.18391, -0.107414, 56, 0.788351, 0.311537, 0.0726585, 59, 0.810509, 0.18291, 0.156789, 63, 0.731573, 0.380447, -0.115182, 9, 0.153142, 0.0653951, -0.030462, 15, 0.14407, 0.0526822, 0.0068086, 32, 0.128449, 0.05972, -0.003015, 35, 0.747791, 0.305769, 0.283232, 5, 0.78561, -0.180075, 0.126763, 20, 0.81555, 0.0492032, 0.301124, 28, 3.24869, 0.240625, 1.44034, 34, 2.60324, 1.81384, 1.59251, 36, 3.00825, 0.804362, 1.72346, 39, 2.58599, 2.20879, 1.00046, 41, 0.785793, 0.0960242, 0.320881
193590.65877429000102, 7, 0.734606, -0.130125, -0.124788, 12, 0.75487, -0.142381, -0.0749361, 52, 0.831088, 0.0462345, 0.0396986, 57, 0.76449, -0.00555099, -0.0202048, 64, 0.746745, -0.0997583, -0.0493752, 11, 0.775816, -0.192623, 0.176939, 51, 0.428032, -0.271413, -0.0409638, 58, 0.463463, -0.289299, 0.00738413, 65, 0.497998, -0.319552, 0.119751, 8, 0.736192, 0.29721, -0.230801, 21, 0.68837, 0.14845, -0.270935, 30, 0.293584, 0.15435, 0.0677082, 31, 0.76301, 0.356533, 0.0413235, 53, 0.817621, 0.182367, -0.0556516, 54, 0.789363, 0.310619, 0.0208406, 55, 0.816264, 0.184215, -0.107733, 56, 0.790157, 0.311994, 0.0725203, 59, 0.812123, 0.183194, 0.156711, 63, 0.732749, 0.380578, -0.11551, 5, 0.785401, -0.17961, 0.127004, 20, 0.81516, 0.0496679, 0.300738, 28, 0.610019, 0.0385633, 0.270375, 34, 0.0787365, 0.0126988, 0.0396566, 36, 0.190133, 0.0331746, 0.102476, 39, 0.0760554, 0.0139128, 0.0335879, 41, 0.78725, 0.0965829, 0.320955, 17, 0.816947, -0.0605436, 0.185917, 19, 0.806399, -0.0622041, 0.23683, 22, 0.759749, -0.0939526, 0.291629, 33, 0.841468, -0.199115, -0.130547, 38, 0.700198, 0.343527, 0.295879, 40, 2.83774, 1.97698, 0.798106, 47, 0.813632, 0.137569, 0.189497, 48, 0.800434, 0.211845, 0.215753, 60, 0.858308, 0.0939009, 0.0904099
193590.69209065200994, 7, 0.734003, -0.129977, -0.124387, 12, 0.75394, -0.142181, -0.0745674, 52, 0.833125, 0.0464523, 0.0400781, 64, 0.746067, -0.0996129, -0.0490299, 11, 0.775404, -0.192442, 0.177095, 51, 0.397179, -0.249616, -0.0355815, 58, 0.449174, -0.279672, 0.00803463, 65, 0.526963, -0.340375, 0.126222, 8, 0.736938, 0.297365, -0.230759, 21, 0.731637, 0.159115, -0.291021, 30, 0.324087, 0.17503, 0.073326, 53, 0.819827, 0.182935, -0.0554926, 54, 0.792416, 0.311579, 0.0210398, 55, 0.816201, 0.184213, -0.107365, 56, 0.793417, 0.313045, 0.0729362, 59, 0.814656, 0.183669, 0.157241, 5, 0.786014, -0.179647, 0.127566, 20, 0.817143, 0.049878, 0.301556, 28, 0.687037, 0.0443839, 0.304308, 41, 0.790393, 0.0970155, 0.322161, 17, 0.81133, -0.0600854, 0.185183, 19, 0.805575, -0.0621481, 0.236983, 22, 0.760088, -0.0939818, 0.292037, 33, 0.840124, -0.199071, -0.130072, 38, 0.703907, 0.344415, 0.296954, 40, 0.129158, 0.0510792, 0.0471362, 47, 0.814337, 0.137741, 0.190081, 48, 0.803563, 0.212581, 0.216793, 60, 0.860211, 0.0941457, 0.0910835, 15, 2.94185, 1.88561, -0.579132, 32, 2.55982, 2.23751, -0.960396, 35, 0.761187, 0.307535, 0.284423, 44, 0.725487, 0.380382, 0.190698
193590.72540696201031, 7, 0.731569, -0.129634, -0.123439, 12, 0.754516, -0.142377, -0.0742493, 64, 0.745623, -0.0995501, -0.0485782, 11, 0.774979, -0.192045, 0.177536, 8, 0.738305, 0.29759, -0.231282, 21, 0.766533, 0.167296, -0.307376, 30, 0.354297, 0.19545, 0.07859, 53, 0.821285, 0.183351, -0.0554207, 54, 0.794367, 0.312254, 0.0209629, 55, 0.817154, 0.184429, -0.10735, 56, 0.796433, 0.314227, 0.0730399, 59, 0.816217, 0.184229, 0.157494, 5, 0.785003, -0.179211, 0.128193, 20, 0.819237, 0.0505414, 0.302568, 28, 0.732235, 0.0482745, 0.324421, 41, 0.79245, 0.0977252, 0.323097, 17, 0.817404, -0.0602911, 0.187058, 19, 0.806838, -0.0619272, 0.237949, 22, 0.763064, -0.0940335, 0.293752, 33, 0.837569, -0.198878, -0.129144, 47, 0.817521, 0.138693, 0.191036, 48, 0.804985, 0.213276, 0.217219, 60, 0.860571, 0.0945165, 0.0915378, 15, 0.876217, 0.534519, -0.145058, 32, 0.118381, 0.0579619, 0.00278608, 35, 0.764541, 0.308843, 0.285167, 44, 0.727299, 0.380791, 0.190564, 31, 0.776219, 0.35911, 0.0416656, 34, 2.65074, 1.7758, 1.56752, 36, 3.03108, 0.774803, 1.70116, 39, 2.63455, 2.16848, 0.980678, 57, 0.759237, -0.003458, -0.0182531, 63, 0.741855, 0.382016, -0.115528
193590.75872331901337, 21, 0.833418, 0.183597, -0.337826, 30, 0.40143, 0.22651, 0.0873329, 56, 0.800132, 0.3156, 0.0740668, 59, 0.819747, 0.185053, 0.158707, 28, 0.8395, 0.0561821, 0.372312, 41, 0.794338, 0.0979639, 0.324377, 22, 0.762165, -0.0938447, 0.294071, 33, 0.834907, -0.197965, -0.128013, 47, 0.820461, 0.139414, 0.192501, 48, 0.809271, 0.214554, 0.219046, 15, 0.728039, 0.437903, -0.112602, 35, 0.767132, 0.309698, 0.286713, 44, 0.7314, 0.382675, 0.192263, 31, 0.778793, 0.360533, 0.0428758, 34, 0.686832, 0.433881, 0.402596, 36, 1.39802, 0.350376, 0.784686, 39, 0.554786, 0.421932, 0.212557, 57, 0.76429, -0.00281427, -0.0175739, 63, 0.74408, 0.383302, -0.11461, 38, 0.716625, 0.34843, 0.300922, 40, 2.86724, 1.94361, 0.795523, 52, 0.83469, 0.0497874, 0.0432375
193590.79203965200577, 30, 0.689144, 0.412232, 0.13751, 48, 0.813037, 0.215926, 0.219938, 35, 0.769217, 0.310784, 0.287336, 44, 0.733849, 0.383998, 0.192674, 31, 0.780315, 0.361221, 0.0429896, 34, 0.39799, 0.238238, 0.230551, 39, 0.292363, 0.203331, 0.114732, 57, 0.765435, -0.0024503, -0.0175084, 38, 0.718674, 0.349655, 0.301914, 40, 0.281245, 0.162017, 0.0883945, 52, 0.838047, 0.0501309, 0.0434064, 5, 0.779096, -0.176729, 0.131314, 7, 0.727555, -0.127215, -0.12006, 8, 0.74475, 0.298304, -0.227764, 9, 2.65618, 1.82294, -1.456, 11, 0.767394, -0.188338, 0.179347, 12, 0.750172, -0.140291, -0.0714703, 17, 0.811496, -0.0582809, 0.18938, 19, 0.802642, -0.0604049, 0.240464, 20, 0.823745, 0.0526411, 0.307366, 32, 2.60129, 2.20372, -0.949941, 53, 0.825525, 0.185674, -0.051561, 54, 0.806054, 0.315476, 0.0237822, 55, 0.821363, 0.18623, -0.103926, 60, 0.865938, 0.096895, 0.0950512, 64, 0.73993, -0.0965693, -0.0452582
193590.8253559860168, 48, 0.813091, 0.216291, 0.219742, 35, 0.770635, 0.311504, 0.287555, 34, 0.401445, 0.241039, 0.232329, 39, 0.323836, 0.229733, 0.126005, 57, 0.766722, -0.00215558, -0.0176716, 38, 0.719146, 0.349784, 0.301753, 40, 0.352235, 0.210953, 0.107371, 5, 0.777743, -0.176686, 0.131216, 7, 0.728412, -0.12751, -0.120523, 8, 0.748131, 0.298655, -0.228619, 11, 0.765241, -0.188201, 0.179108, 12, 0.750993, -0.14059, -0.0718824, 17, 0.812428, -0.0583471, 0.189636, 19, 0.804643, -0.0605938, 0.24116, 20, 0.820814, 0.0526477, 0.306214, 53, 0.827398, 0.186008, -0.0521799, 54, 0.807055, 0.315374, 0.0232036, 55, 0.823825, 0.186413, -0.104626, 60, 0.863262, 0.0967358, 0.0942393, 64, 0.739811, -0.0965173, -0.0455768, 15, 0.730961, 0.4311, -0.109036, 21, 3.17542, 0.694082, -1.40986, 22, 0.764832, -0.0941539, 0.299577, 28, 3.24883, 0.195438, 1.4507, 33, 0.830236, -0.198079, -0.124991, 36, 3.02613, 0.751615, 1.72536, 41, 0.797187, 0.0998959, 0.327765, 47, 0.82326, 0.141325, 0.194557, 56, 0.810914, 0.317774, 0.075974, 59, 0.824141, 0.186812, 0.16009, 63, 0.754453, 0.384877, -0.113485
193590.8586723190092, 48, 0.813738, 0.216871, 0.21897, 34, 0.450061, 0.274197, 0.260403, 57, 0.765144, -0.00157569, -0.0184746, 40, 0.66631, 0.423604, 0.192462, 5, 0.774139, -0.175849, 0.13021, 7, 0.729722, -0.127669, -0.121807, 11, 0.76175, -0.187428, 0.177943, 12, 0.750722, -0.140466, -0.0728935, 17, 0.817739, -0.0584799, 0.190195, 19, 0.80328, -0.0602416, 0.240256, 20, 0.816396, 0.0529112, 0.304058, 53, 0.828048, 0.186567, -0.0532487, 54, 0.808668, 0.315998, 0.0219775, 55, 0.825697, 0.186977, -0.10587, 60, 0.865024, 0.0974858, 0.0931687, 64, 0.741013, -0.0964102, -0.0467576, 21, 0.951419, 0.207722, -0.386052, 22, 0.762808, -0.0938266, 0.298982, 28, 0.132595, 0.0201499, 0.0577216, 33, 0.828012, -0.197694, -0.125661, 36, 0.144885, 0.0375598, 0.0742647, 41, 0.796377, 0.100447, 0.326953, 47, 0.822906, 0.142, 0.1935, 56, 0.812252, 0.318447, 0.0749488, 59, 0.823426, 0.187505, 0.158759, 63, 0.757749, 0.386167, -0.114624, 9, 2.70661, 1.77819, -1.43466, 30, 0.730095, 0.43285, 0.142611, 31, 0.795185, 0.364522, 0.0435683, 32, 2.65511, 2.1565, -0.936071, 44, 0.744046, 0.385964, 0.193643
193590.89213859502343, 34, 0.514579, 0.317514, 0.299293, 40, 0.710528, 0.452313, 0.204958, 5, 0.770333, -0.175257, 0.130169, 7, 0.72917, -0.127573, -0.121737, 11, 0.755534, -0.186318, 0.177283, 12, 0.750048, -0.140415, -0.0728832, 54, 0.81298, 0.317729, 0.0220789, 55, 0.829345, 0.187928, -0.106271, 64, 0.741084, -0.0964384, -0.0468003, 33, 0.82605, -0.197233, -0.12517, 47, 0.822794, 0.142545, 0.193842, 56, 0.814686, 0.319885, 0.0752414, 59, 0.82488, 0.1884, 0.159252, 63, 0.761865, 0.38791, -0.114916, 30, 0.733287, 0.435101, 0.143085, 31, 0.796949, 0.365859, 0.043612, 32, 0.0698462, 0.0295924, 0.0171899, 44, 0.745479, 0.387491, 0.194126, 8, 0.765774, 0.303747, -0.231586, 15, 0.748483, 0.437104, -0.110494, 35, 0.773682, 0.313534, 0.289141, 38, 0.72383, 0.351537, 0.303673, 39, 2.68417, 2.10922, 1.01386
193590.92545495202648, 34, 0.574387, 0.357216, 0.335419, 40, 0.720736, 0.45859, 0.20771, 5, 0.765572, -0.174032, 0.129668, 11, 0.750463, -0.185095, 0.176493, 54, 0.817511, 0.31966, 0.0220286, 33, 0.825501, -0.196854, -0.125147, 63, 0.76964, 0.391769, -0.116085, 30, 0.737108, 0.437597, 0.143616, 31, 0.798914, 0.367102, 0.0435034, 44, 0.747623, 0.389005, 0.194566, 8, 0.769363, 0.305431, -0.232821, 15, 0.753077, 0.439755, -0.111299, 35, 0.773233, 0.313693, 0.289065, 38, 0.723993, 0.35193, 0.303805, 39, 0.62166, 0.468848, 0.233938, 9, 2.73726, 1.76063, -1.41292, 17, 0.794756, -0.0542683, 0.186528, 19, 0.78148, -0.0567118, 0.236057, 20, 3.32839, 0.164486, 1.2591, 21, 0.789031, 0.174211, -0.307974, 22, 3.26646, -0.510899, 1.31319, 28, 3.23532, 0.169296, 1.48075, 41, 3.26932, 0.37477, 1.3669, 48, 0.811561, 0.220037, 0.219527, 53, 0.835691, 0.19167, -0.054374, 57, 0.763009, 0.00317828, -0.0192229, 60, 0.861207, 0.101492, 0.0919071
193590.95877131901216, 34, 0.599237, 0.373119, 0.350425, 40, 0.721994, 0.458728, 0.207858, 5, 0.76138, -0.173114, 0.128486, 11, 0.744899, -0.183903, 0.174796, 54, 0.820317, 0.320756, 0.0216841, 33, 0.823831, -0.196244, -0.125633, 63, 0.774646, 0.394263, -0.116923, 30, 0.738889, 0.438337, 0.143731, 31, 0.801537, 0.368312, 0.0433183, 44, 0.749027, 0.389635, 0.194686, 8, 0.772338, 0.306823, -0.233937, 15, 0.756795, 0.441714, -0.111825, 35, 0.773397, 0.313373, 0.288909, 38, 0.724163, 0.351594, 0.303719, 39, 0.532676, 0.397615, 0.199749, 9, 0.829938, 0.522611, -0.392072, 17, 0.798674, -0.0551543, 0.187196, 19, 0.781058, -0.0572926, 0.235706, 20, 0.194955, 0.0303611, 0.0681787, 21, 0.791173, 0.175127, -0.308842, 22, 0.121986, 0.0142581, 0.0417519, 28, 0.156861, 0.0290879, 0.0615192, 41, 0.173699, 0.0370997, 0.0647165, 48, 0.81027, 0.219433, 0.219023, 53, 0.83682, 0.192115, -0.0546711, 57, 0.76461, 0.0033201, -0.0199381, 60, 0.860592, 0.101282, 0.0915081, 7, 0.722954, -0.123369, -0.122082, 12, 0.740749, -0.136029, -0.073577, 32, 2.6981, 2.13235, -0.903481, 47, 0.81591, 0.144483, 0.192175, 55, 0.833873, 0.192056, -0.107409, 56, 0.819331, 0.324313, 0.0750201, 59, 0.823529, 0.191344, 0.158402, 64, 0.731139, -0.092142, -0.0475483
193590.99208762400667, 40, 0.723062, 0.459033, 0.208691, 54, 0.821193, 0.321174, 0.021565, 31, 0.800554, 0.367972, 0.0434144, 15, 0.757822, 0.442193, -0.11143, 53, 0.834747, 0.192044, -0.054538, 57, 0.763086, 0.00346335, -0.0206285, 60, 0.857644, 0.100995, 0.091199, 7, 0.720113, -0.122579, -0.121732, 12, 0.737611, -0.135333, -0.0735361, 32, 0.0759557, 0.0394525, 0.00511293, 47, 0.812939, 0.143931, 0.19225, 55, 0.833948, 0.1922, -0.107187, 56, 0.81938, 0.324614, 0.0753901, 59, 0.822672, 0.191191, 0.158992, 64, 0.730334, -0.0920616, -0.0479807, 66, 0.828041, 0.100148, -0.16938, 67, 0.749036, 0.121856, -0.336315, 68, 2.75417, 2.23618, 0.344829, 69, 0.825804, 0.0515275, 0.00802808, 70, 3.15554, -0.18856, -1.60897, 71, 0.723985, -0.0863382, -0.0911515, 72, 3.05157, -0.468285, -1.73784, 73, 0.72321, 0.377392, -0.313766, 74, 0.738616, 0.522261, 0.0152939, 75, 0.80216, 0.314201, -0.156772, 76, 0.802856, 0.0863406, -0.217125, 77, 0.777166, 0.186967, -0.356179, 78, 0.755499, 0.000988088, -0.0663036, 79, 0.711311, 0.0317478, -0.20867, 80, 2.46123, 2.43015, -0.83202
193591.02540398601559, 15, 0.760991, 0.443945, -0.112623, 7, 0.721251, -0.122954, -0.123015, 12, 0.736453, -0.135248, -0.0743966, 55, 0.83634, 0.192744, -0.108901, 56, 0.818657, 0.324702, 0.0744951, 64, 0.731679, -0.0925011, -0.0492523, 66, 0.83142, 0.100753, -0.172103, 67, 0.756985, 0.123091, -0.341215, 68, 0.274837, 0.202977, 0.0329733, 69, 0.830201, 0.0514192, 0.00627626, 70, 0.883565, -0.0295152, -0.421592, 71, 0.722304, -0.0860592, -0.0927802, 72, 0.557491, -0.0545087, -0.28264, 73, 0.727528, 0.379408, -0.316687, 74, 0.73996, 0.523961, 0.0142042, 75, 0.804489, 0.315354, -0.158974, 76, 0.810874, 0.0872208, -0.221312, 77, 0.780768, 0.187934, -0.358967, 78, 0.754747, 0.000991853, -0.0682346, 79, 0.715143, 0.0318693, -0.211352, 80, 0.133989, 0.100095, -0.0199118, 5, 0.746907, -0.170562, 0.127603, 8, 0.784578, 0.31213, -0.237081, 9, 0.700851, 0.433976, -0.316273, 11, 0.72903, -0.182554, 0.173953, 17, 0.767103, -0.0522496, 0.182279, 19, 0.757668, -0.0557446, 0.231767, 20, 3.29945, 0.143541, 1.32838, 21, 0.80179, 0.179674, -0.310376, 22, 3.22289, -0.548932, 1.39157, 28, 3.19375, 0.143363, 1.56213, 30, 0.737276, 0.441562, 0.145351, 33, 3.37822, -0.934662, -0.563457, 35, 3.09279, 1.26478, 1.24171, 38, 2.95552, 1.47022, 1.34375, 39, 2.66147, 2.10327, 1.09147, 41, 3.23755, 0.356847, 1.43795, 44, 0.74194, 0.391324, 0.19592, 48, 0.802274, 0.219797, 0.219699, 63, 0.785693, 0.400809, -0.117449
